eigenvector_centrality,"[15, 17, 15, 6, 22]"
0,"[0.11471321695760599, 0.135, 0.08, 0.1075, 0.08, 0.085, 0.0675, 0.085, 0.1025, 0.0925, 0.1625, 0.1075, 0.2675, 0.0825, 0.2275, 0.1175, 0.1775, 0.0725, 0.1525, 0.1325, 0.2025, 0.1075, 0.1, 0.1875, 0.19799498746867167]"
1,"[0.07481296758104738, 0.065, 0.08, 0.115, 0.1975, 0.0875, 0.0675, 0.0925, 0.1675, 0.1075, 0.1675, 0.1875, 0.1075, 0.0925, 0.245, 0.115, 0.2125, 0.0725, 0.1125, 0.0975, 0.3125, 0.115, 0.2025, 0.0875, 0.10275689223057644]"
2,"[0.08478802992518704, 0.135, 0.08, 0.1075, 0.1, 0.085, 0.0675, 0.085, 0.0775, 0.0925, 0.205, 0.1875, 0.2075, 0.11, 0.1775, 0.1075, 0.1025, 0.215, 0.28, 0.0975, 0.14, 0.1075, 0.1, 0.0925, 0.09523809523809523]"
3,"[0.11221945137157108, 0.0875, 0.1675, 0.22, 0.0975, 0.0875, 0.0675, 0.0925, 0.0775, 0.185, 0.1875, 0.2025, 0.1075, 0.275, 0.185, 0.2625, 0.2175, 0.075, 0.2, 0.0975, 0.3675, 0.115, 0.1, 0.0925, 0.10275689223057644]"
4,"[0.08229426433915212, 0.135, 0.08, 0.1075, 0.2, 0.085, 0.0675, 0.2025, 0.0775, 0.0925, 0.195, 0.0875, 0.2075, 0.205, 0.2275, 0.175, 0.1025, 0.1125, 0.39, 0.0975, 0.2725, 0.165, 0.1, 0.11, 0.17293233082706766]"
5,"[0.11221945137157108, 0.0875, 0.1625, 0.2125, 0.1375, 0.12, 0.1675, 0.165, 0.1725, 0.1875, 0.2575, 0.39, 0.15, 0.2825, 0.175, 0.215, 0.2175, 0.3575, 0.22, 0.18, 0.315, 0.1575, 0.17, 0.1925, 0.10275689223057644]"
6,"[0.20448877805486285, 0.2075, 0.215, 0.1075, 0.3175, 0.085, 0.2325, 0.1825, 0.1975, 0.0925, 0.22, 0.0875, 0.2675, 0.2375, 0.2775, 0.2575, 0.1025, 0.1125, 0.22, 0.0975, 0.2875, 0.215, 0.1, 0.11, 0.17543859649122806]"
7,"[0.11221945137157108, 0.0875, 0.2375, 0.21, 0.24, 0.1675, 0.1425, 0.295, 0.26, 0.1475, 0.4175, 0.315, 0.2575, 0.36, 0.2625, 0.2225, 0.175, 0.37, 0.155, 0.1825, 0.23, 0.35, 0.1825, 0.155, 0.10275689223057644]"
8,"[0.2743142144638404, 0.22, 0.3525, 0.1075, 0.3125, 0.085, 0.205, 0.18, 0.1875, 0.0925, 0.2375, 0.0875, 0.2875, 0.13, 0.31, 0.255, 0.1025, 0.1125, 0.225, 0.0975, 0.215, 0.2175, 0.1, 0.15, 0.17543859649122806]"
9,"[0.11221945137157108, 0.0975, 0.2175, 0.22, 0.29, 0.2375, 0.195, 0.245, 0.2525, 0.2, 0.35, 0.2875, 0.245, 0.255, 0.2625, 0.26, 0.2875, 0.3075, 0.1025, 0.185, 0.2675, 0.33, 0.205, 0.165, 0.10526315789473684]"
10,"[0.2718204488778055, 0.2925, 0.3325, 0.2525, 0.3, 0.105, 0.23, 0.2325, 0.2375, 0.2525, 0.19, 0.0875, 0.28, 0.1025, 0.255, 0.3175, 0.235, 0.1125, 0.2875, 0.1375, 0.195, 0.205, 0.275, 0.27, 0.17794486215538846]"
11,"[0.11221945137157108, 0.2725, 0.16, 0.3175, 0.3125, 0.24, 0.1375, 0.31, 0.2875, 0.2725, 0.265, 0.2925, 0.2625, 0.255, 0.2525, 0.315, 0.345, 0.3, 0.1525, 0.2825, 0.2875, 0.2725, 0.3475, 0.2725, 0.17293233082706766]"
12,"[0.2743142144638404, 0.23, 0.295, 0.35, 0.285, 0.1875, 0.28, 0.305, 0.295, 0.3425, 0.175, 0.0875, 0.285, 0.1, 0.3, 0.3275, 0.275, 0.1125, 0.23, 0.315, 0.175, 0.13, 0.34, 0.2975, 0.19548872180451127]"
13,"[0.11221945137157108, 0.315, 0.1375, 0.2775, 0.3675, 0.2775, 0.13, 0.3275, 0.3275, 0.2825, 0.255, 0.2925, 0.285, 0.235, 0.285, 0.425, 0.2425, 0.31, 0.1575, 0.255, 0.285, 0.2725, 0.2925, 0.3075, 0.16541353383458646]"
14,"[0.27680798004987534, 0.23, 0.29, 0.4025, 0.23, 0.19, 0.3175, 0.3475, 0.3, 0.4, 0.17, 0.1075, 0.29, 0.1225, 0.3425, 0.34, 0.29, 0.1175, 0.1825, 0.3575, 0.1825, 0.12, 0.3275, 0.3475, 0.2857142857142857]"
15,"[0.12718204488778054, 0.3575, 0.1325, 0.3225, 0.295, 0.3275, 0.1, 0.26, 0.295, 0.33, 0.2525, 0.2875, 0.32, 0.2175, 0.27, 0.3975, 0.26, 0.3075, 0.1525, 0.3275, 0.2725, 0.2625, 0.3325, 0.3125, 0.17042606516290726]"
16,"[0.2892768079800499, 0.2275, 0.28, 0.4425, 0.2, 0.155, 0.2875, 0.3075, 0.2725, 0.34, 0.22, 0.1575, 0.2575, 0.175, 0.2775, 0.2475, 0.345, 0.1575, 0.185, 0.35, 0.205, 0.185, 0.36, 0.3025, 0.3107769423558897]"
17,"[0.1371571072319202, 0.2675, 0.1525, 0.375, 0.245, 0.3475, 0.1825, 0.25, 0.3025, 0.2975, 0.26, 0.29, 0.2925, 0.295, 0.265, 0.375, 0.36, 0.315, 0.1475, 0.3525, 0.235, 0.265, 0.305, 0.3025, 0.14285714285714285]"
18,"[0.38403990024937656, 0.275, 0.4075, 0.31, 0.2625, 0.1125, 0.2625, 0.2225, 0.2, 0.2975, 0.2025, 0.18, 0.255, 0.21, 0.24, 0.265, 0.3075, 0.2075, 0.2325, 0.2775, 0.2475, 0.1825, 0.33, 0.2075, 0.3333333333333333]"
19,"[0.1970074812967581, 0.245, 0.1425, 0.33, 0.2275, 0.3425, 0.1325, 0.2575, 0.29, 0.2875, 0.3975, 0.35, 0.2775, 0.27, 0.3075, 0.34, 0.295, 0.345, 0.255, 0.335, 0.2375, 0.3975, 0.285, 0.3025, 0.13283208020050125]"
20,"[0.4314214463840399, 0.26, 0.35, 0.32, 0.2875, 0.1575, 0.2425, 0.2075, 0.175, 0.3625, 0.2725, 0.25, 0.305, 0.16, 0.2425, 0.2625, 0.3125, 0.25, 0.2125, 0.2675, 0.295, 0.265, 0.3375, 0.195, 0.3132832080200501]"
21,"[0.2119700748129676, 0.2475, 0.1975, 0.325, 0.2275, 0.3025, 0.1275, 0.245, 0.29, 0.27, 0.3625, 0.4275, 0.295, 0.2725, 0.35, 0.3425, 0.2625, 0.42, 0.2375, 0.3125, 0.2425, 0.3825, 0.2925, 0.31, 0.20551378446115287]"
22,"[0.35910224438902744, 0.1875, 0.325, 0.34, 0.285, 0.23, 0.215, 0.2025, 0.1575, 0.3725, 0.2975, 0.31, 0.3175, 0.105, 0.28, 0.265, 0.3525, 0.3075, 0.2675, 0.2975, 0.2425, 0.3125, 0.3725, 0.16, 0.2907268170426065]"
23,"[0.22942643391521197, 0.2675, 0.1875, 0.335, 0.2225, 0.255, 0.1275, 0.235, 0.3025, 0.2725, 0.3275, 0.375, 0.3075, 0.2875, 0.38, 0.345, 0.2325, 0.35, 0.1925, 0.3075, 0.33, 0.325, 0.2975, 0.3, 0.2982456140350877]"
24,"[0.32418952618453867, 0.1375, 0.295, 0.3225, 0.2775, 0.275, 0.215, 0.19, 0.16, 0.3675, 0.315, 0.325, 0.3475, 0.11, 0.2925, 0.27, 0.3325, 0.3475, 0.3325, 0.2875, 0.2, 0.3225, 0.36, 0.1625, 0.3258145363408521]"
25,"[0.2169576059850374, 0.245, 0.185, 0.3125, 0.245, 0.26, 0.23, 0.2325, 0.305, 0.2675, 0.305, 0.37, 0.3175, 0.3025, 0.3775, 0.355, 0.245, 0.3625, 0.185, 0.295, 0.3675, 0.315, 0.42, 0.305, 0.3007518796992481]"
26,"[0.371571072319202, 0.1975, 0.275, 0.31, 0.2725, 0.2725, 0.1975, 0.4375, 0.545, 0.3475, 0.335, 0.34, 0.36, 0.4225, 0.31, 0.5075, 0.3175, 0.4875, 0.345, 0.2725, 0.2025, 0.3425, 0.485, 0.5, 0.3308270676691729]"
27,"[0.26184538653366585, 0.24, 0.24, 0.4125, 0.31, 0.2975, 0.1225, 0.4425, 0.535, 0.3525, 0.305, 0.385, 0.31, 0.415, 0.3825, 0.5575, 0.33, 0.4825, 0.26, 0.425, 0.38, 0.305, 0.51, 0.4225, 0.3007518796992481]"
28,"[0.3316708229426434, 0.2325, 0.25, 0.29, 0.265, 0.2675, 0.22, 0.3475, 0.3975, 0.34, 0.3575, 0.4075, 0.3775, 0.435, 0.3225, 0.3675, 0.3125, 0.5, 0.375, 0.27, 0.265, 0.3625, 0.4025, 0.3275, 0.3558897243107769]"
29,"[0.3341645885286783, 0.2375, 0.275, 0.45, 0.335, 0.3225, 0.365, 0.2275, 0.3, 0.375, 0.3075, 0.3925, 0.3275, 0.395, 0.39, 0.23, 0.365, 0.4275, 0.2825, 0.47, 0.4075, 0.3075, 0.475, 0.2575, 0.3007518796992481]"
30,"[0.3491271820448878, 0.255, 0.27, 0.36, 0.2625, 0.265, 0.2425, 0.1725, 0.2375, 0.4, 0.3875, 0.38, 0.37, 0.27, 0.3225, 0.4825, 0.3575, 0.425, 0.375, 0.34, 0.3475, 0.4275, 0.515, 0.19, 0.40350877192982454]"
31,"[0.3266832917705736, 0.2125, 0.3425, 0.4825, 0.345, 0.35, 0.2925, 0.1475, 0.2525, 0.3925, 0.3475, 0.3775, 0.3325, 0.345, 0.425, 0.35, 0.3875, 0.48, 0.1475, 0.4725, 0.425, 0.345, 0.1325, 0.215, 0.3132832080200501]"
32,"[0.3192019950124688, 0.245, 0.27, 0.355, 0.2725, 0.275, 0.27, 0.18, 0.255, 0.355, 0.4075, 0.3575, 0.395, 0.2375, 0.335, 0.485, 0.345, 0.435, 0.38, 0.3275, 0.1925, 0.4375, 0.54, 0.2325, 0.44862155388471175]"
33,"[0.3316708229426434, 0.205, 0.3475, 0.4775, 0.355, 0.3725, 0.19, 0.1775, 0.2475, 0.39, 0.3125, 0.3575, 0.33, 0.34, 0.4525, 0.4525, 0.37, 0.5, 0.1275, 0.4375, 0.5175, 0.3075, 0.3, 0.235, 0.3333333333333333]"
34,"[0.29925187032418954, 0.255, 0.26, 0.325, 0.2625, 0.275, 0.25, 0.235, 0.2575, 0.3525, 0.38, 0.3475, 0.435, 0.19, 0.3525, 0.44, 0.32, 0.5625, 0.4875, 0.3075, 0.1575, 0.415, 0.545, 0.23, 0.44862155388471175]"
35,"[0.33915211970074816, 0.19, 0.3, 0.4575, 0.375, 0.3725, 0.215, 0.22, 0.2575, 0.385, 0.3075, 0.3325, 0.335, 0.395, 0.46, 0.51, 0.3525, 0.535, 0.095, 0.4175, 0.4875, 0.3, 0.375, 0.2475, 0.3408521303258145]"
36,"[0.29925187032418954, 0.265, 0.265, 0.3425, 0.2475, 0.2625, 0.3, 0.255, 0.2625, 0.37, 0.385, 0.355, 0.4375, 0.1675, 0.355, 0.4375, 0.335, 0.5775, 0.445, 0.3175, 0.105, 0.4275, 0.5325, 0.2475, 0.42606516290726815]"
37,"[0.36159600997506236, 0.19, 0.285, 0.4425, 0.355, 0.3725, 0.25, 0.3025, 0.265, 0.3725, 0.3025, 0.285, 0.33, 0.3625, 0.435, 0.5075, 0.3625, 0.545, 0.0875, 0.425, 0.4375, 0.3025, 0.4175, 0.27, 0.3358395989974937]"
38,"[0.2718204488778055, 0.2875, 0.2725, 0.3575, 0.24, 0.25, 0.31, 0.3, 0.2625, 0.37, 0.415, 0.38, 0.4325, 0.1875, 0.3525, 0.36, 0.3225, 0.5925, 0.3675, 0.34, 0.095, 0.42, 0.5025, 0.255, 0.41604010025062654]"
39,"[0.3865336658354115, 0.1975, 0.2875, 0.44, 0.345, 0.36, 0.29, 0.315, 0.2975, 0.3825, 0.3025, 0.2875, 0.35, 0.2675, 0.4175, 0.4375, 0.3825, 0.535, 0.0925, 0.4575, 0.365, 0.285, 0.435, 0.29, 0.3157894736842105]"
40,"[0.23192019950124687, 0.3, 0.28, 0.35, 0.2275, 0.25, 0.3275, 0.2975, 0.2625, 0.35, 0.425, 0.4025, 0.4225, 0.1825, 0.3625, 0.4175, 0.3225, 0.5925, 0.29, 0.3475, 0.115, 0.4275, 0.4975, 0.2525, 0.40852130325814534]"
41,"[0.39900249376558605, 0.205, 0.295, 0.4425, 0.34, 0.365, 0.375, 0.355, 0.2875, 0.39, 0.2975, 0.2875, 0.35, 0.2275, 0.41, 0.48, 0.3975, 0.515, 0.1, 0.4575, 0.26, 0.28, 0.43, 0.2825, 0.2982456140350877]"
42,"[0.22194513715710723, 0.295, 0.28, 0.345, 0.215, 0.245, 0.33, 0.315, 0.2825, 0.3475, 0.425, 0.4075, 0.4075, 0.1725, 0.365, 0.4025, 0.325, 0.5475, 0.2075, 0.34, 0.1, 0.4, 0.5175, 0.2625, 0.41102756892230574]"
43,"[0.44139650872817954, 0.2075, 0.32, 0.44, 0.3525, 0.37, 0.38, 0.3275, 0.2775, 0.395, 0.295, 0.2975, 0.3525, 0.2125, 0.4075, 0.5125, 0.385, 0.47, 0.0875, 0.4625, 0.2225, 0.29, 0.4025, 0.3075, 0.3157894736842105]"
44,"[0.23940149625935161, 0.2825, 0.275, 0.3525, 0.21, 0.2375, 0.3525, 0.3475, 0.2825, 0.3475, 0.4375, 0.42, 0.4025, 0.165, 0.3625, 0.435, 0.32, 0.5275, 0.1925, 0.345, 0.0875, 0.4175, 0.5275, 0.28, 0.40100250626566414]"
45,"[0.4314214463840399, 0.2075, 0.33, 0.445, 0.335, 0.36, 0.3925, 0.31, 0.29, 0.38, 0.3, 0.305, 0.3575, 0.2075, 0.415, 0.525, 0.3825, 0.5, 0.085, 0.4425, 0.2125, 0.285, 0.37, 0.3, 0.3208020050125313]"
46,"[0.24688279301745636, 0.255, 0.27, 0.3575, 0.21, 0.2475, 0.365, 0.3425, 0.2975, 0.345, 0.425, 0.4075, 0.3825, 0.15, 0.3675, 0.4475, 0.3175, 0.515, 0.1875, 0.35, 0.085, 0.4225, 0.5225, 0.2875, 0.38345864661654133]"
47,"[0.4014962593516209, 0.215, 0.33, 0.4275, 0.3175, 0.3525, 0.405, 0.31, 0.2875, 0.3675, 0.3075, 0.295, 0.365, 0.225, 0.4075, 0.5275, 0.37, 0.5175, 0.0825, 0.415, 0.205, 0.29, 0.395, 0.3, 0.3258145363408521]"
48,"[0.2593516209476309, 0.2475, 0.2675, 0.3625, 0.2225, 0.26, 0.3775, 0.34, 0.2875, 0.3525, 0.415, 0.4025, 0.3625, 0.1675, 0.3625, 0.46, 0.3275, 0.505, 0.195, 0.3625, 0.085, 0.445, 0.54, 0.28, 0.37343358395989973]"
49,"[0.3865336658354115, 0.2175, 0.2975, 0.425, 0.2975, 0.33, 0.4225, 0.33, 0.3275, 0.3575, 0.31, 0.3, 0.38, 0.245, 0.3975, 0.52, 0.3725, 0.5, 0.085, 0.3975, 0.21, 0.3075, 0.4175, 0.3125, 0.3358395989974937]"
50,"[0.26184538653366585, 0.2375, 0.2675, 0.3775, 0.24, 0.2875, 0.3825, 0.3375, 0.3075, 0.3625, 0.41, 0.4025, 0.3575, 0.1775, 0.3675, 0.4525, 0.3375, 0.47, 0.1925, 0.3675, 0.085, 0.4125, 0.53, 0.2875, 0.3634085213032581]"
51,"[0.3790523690773067, 0.2175, 0.29, 0.415, 0.285, 0.3325, 0.42, 0.355, 0.3125, 0.3525, 0.3175, 0.3075, 0.39, 0.26, 0.3675, 0.5175, 0.34, 0.5075, 0.085, 0.3875, 0.2125, 0.31, 0.425, 0.3075, 0.3233082706766917]"
52,"[0.2942643391521197, 0.23, 0.2625, 0.42, 0.295, 0.32, 0.4075, 0.3525, 0.32, 0.3825, 0.4075, 0.395, 0.365, 0.1725, 0.36, 0.4725, 0.36, 0.48, 0.19, 0.385, 0.085, 0.415, 0.53, 0.29, 0.3558897243107769]"
53,"[0.371571072319202, 0.2225, 0.295, 0.41, 0.2775, 0.335, 0.42, 0.3625, 0.2975, 0.34, 0.32, 0.315, 0.39, 0.2625, 0.365, 0.495, 0.345, 0.495, 0.0875, 0.3825, 0.2175, 0.32, 0.4275, 0.3125, 0.3233082706766917]"
54,"[0.33915211970074816, 0.2225, 0.2675, 0.4275, 0.3225, 0.345, 0.425, 0.35, 0.3325, 0.4175, 0.4025, 0.3875, 0.37, 0.1725, 0.3525, 0.47, 0.4, 0.465, 0.195, 0.415, 0.085, 0.39, 0.515, 0.315, 0.3508771929824561]"
55,"[0.3690773067331671, 0.2325, 0.29, 0.385, 0.285, 0.3325, 0.395, 0.37, 0.3, 0.345, 0.32, 0.3475, 0.39, 0.2575, 0.3675, 0.5475, 0.33, 0.445, 0.0875, 0.385, 0.2175, 0.325, 0.4475, 0.32, 0.3208020050125313]"
56,"[0.3690773067331671, 0.2075, 0.29, 0.4575, 0.3375, 0.37, 0.42, 0.39, 0.345, 0.4625, 0.3975, 0.38, 0.375, 0.1725, 0.355, 0.4525, 0.4225, 0.46, 0.1975, 0.465, 0.085, 0.3825, 0.5, 0.3125, 0.3383458646616541]"
57,"[0.3940149625935162, 0.2525, 0.28, 0.39, 0.285, 0.3375, 0.3925, 0.3775, 0.305, 0.3575, 0.3375, 0.365, 0.395, 0.2575, 0.37, 0.56, 0.325, 0.4275, 0.0875, 0.3875, 0.22, 0.34, 0.44, 0.3125, 0.3233082706766917]"
58,"[0.40399002493765584, 0.2125, 0.2875, 0.4475, 0.3525, 0.3725, 0.4725, 0.3675, 0.32, 0.4575, 0.375, 0.3625, 0.375, 0.1725, 0.355, 0.475, 0.4375, 0.46, 0.19, 0.445, 0.085, 0.3675, 0.5075, 0.3175, 0.3308270676691729]"
59,"[0.4114713216957606, 0.3125, 0.245, 0.3875, 0.2925, 0.3425, 0.3925, 0.37, 0.285, 0.37, 0.37, 0.3975, 0.3925, 0.2575, 0.365, 0.5425, 0.3175, 0.43, 0.0875, 0.3825, 0.2125, 0.38, 0.44, 0.3, 0.3208020050125313]"
60,"[0.4114713216957606, 0.21, 0.32, 0.44, 0.3575, 0.3825, 0.4825, 0.345, 0.315, 0.435, 0.3275, 0.3975, 0.38, 0.165, 0.355, 0.4975, 0.4225, 0.46, 0.1875, 0.415, 0.085, 0.37, 0.5175, 0.305, 0.3308270676691729]"
61,"[0.4089775561097257, 0.34, 0.22, 0.395, 0.2975, 0.35, 0.4175, 0.3675, 0.265, 0.3675, 0.4275, 0.395, 0.395, 0.24, 0.3575, 0.505, 0.315, 0.4575, 0.0875, 0.3825, 0.25, 0.44, 0.4575, 0.2875, 0.3182957393483709]"
62,"[0.3915211970074813, 0.21, 0.41, 0.4225, 0.3625, 0.3775, 0.4675, 0.3325, 0.3275, 0.4275, 0.3025, 0.3675, 0.3775, 0.1675, 0.355, 0.4525, 0.4125, 0.4675, 0.19, 0.4, 0.085, 0.2925, 0.5025, 0.3175, 0.3358395989974937]"
63,"[0.4014962593516209, 0.355, 0.1975, 0.39, 0.305, 0.34, 0.42, 0.3675, 0.275, 0.3675, 0.425, 0.365, 0.4, 0.245, 0.35, 0.4775, 0.315, 0.475, 0.0875, 0.3875, 0.2225, 0.4175, 0.46, 0.2725, 0.3182957393483709]"
64,"[0.39650872817955113, 0.215, 0.3875, 0.3975, 0.36, 0.3825, 0.41, 0.3125, 0.3125, 0.4225, 0.31, 0.3675, 0.375, 0.18, 0.3525, 0.445, 0.3875, 0.45, 0.2, 0.385, 0.09, 0.3075, 0.5025, 0.3175, 0.3358395989974937]"
65,"[0.3790523690773067, 0.36, 0.2325, 0.4, 0.3025, 0.3425, 0.47, 0.37, 0.2475, 0.375, 0.44, 0.3375, 0.4, 0.2525, 0.3475, 0.49, 0.32, 0.5325, 0.0925, 0.385, 0.2125, 0.415, 0.4575, 0.235, 0.3182957393483709]"
66,"[0.39650872817955113, 0.2425, 0.3875, 0.38, 0.3575, 0.37, 0.3725, 0.3175, 0.315, 0.4075, 0.3075, 0.3525, 0.3725, 0.1825, 0.355, 0.44, 0.3975, 0.43, 0.195, 0.3825, 0.09, 0.325, 0.5125, 0.315, 0.3333333333333333]"
67,"[0.3690773067331671, 0.3625, 0.265, 0.4075, 0.305, 0.345, 0.4775, 0.3925, 0.2275, 0.3625, 0.43, 0.325, 0.395, 0.2625, 0.345, 0.4975, 0.32, 0.555, 0.095, 0.38, 0.205, 0.4025, 0.4675, 0.2075, 0.3082706766917293]"
68,"[0.39900249376558605, 0.265, 0.3875, 0.3725, 0.35, 0.365, 0.39, 0.3625, 0.315, 0.4125, 0.32, 0.3525, 0.37, 0.1775, 0.3475, 0.4425, 0.3925, 0.4175, 0.1775, 0.3725, 0.0925, 0.335, 0.52, 0.2925, 0.3308270676691729]"
69,"[0.3491271820448878, 0.36, 0.29, 0.4075, 0.305, 0.35, 0.5225, 0.39, 0.2175, 0.3625, 0.395, 0.32, 0.385, 0.27, 0.3425, 0.485, 0.3225, 0.5575, 0.0925, 0.3725, 0.215, 0.38, 0.44, 0.2125, 0.3057644110275689]"
70,"[0.39650872817955113, 0.2775, 0.37, 0.3625, 0.3425, 0.3575, 0.395, 0.365, 0.2975, 0.3975, 0.3225, 0.345, 0.37, 0.17, 0.345, 0.5025, 0.3825, 0.4125, 0.18, 0.365, 0.0925, 0.3375, 0.525, 0.315, 0.3283208020050125]"
71,"[0.3341645885286783, 0.35, 0.295, 0.405, 0.305, 0.35, 0.5075, 0.405, 0.22, 0.355, 0.3525, 0.3325, 0.3875, 0.2675, 0.3425, 0.49, 0.3225, 0.5175, 0.0875, 0.37, 0.2075, 0.3425, 0.4525, 0.225, 0.3107769423558897]"
72,"[0.39650872817955113, 0.2725, 0.355, 0.3475, 0.3375, 0.3475, 0.4225, 0.3475, 0.295, 0.3975, 0.3225, 0.345, 0.37, 0.165, 0.3425, 0.535, 0.3875, 0.4025, 0.18, 0.365, 0.0925, 0.3375, 0.515, 0.285, 0.3283208020050125]"
73,"[0.3167082294264339, 0.3475, 0.3, 0.4025, 0.3025, 0.3475, 0.47, 0.4025, 0.2225, 0.3575, 0.3325, 0.3475, 0.38, 0.27, 0.345, 0.5125, 0.31, 0.475, 0.0875, 0.37, 0.205, 0.33, 0.455, 0.23, 0.3057644110275689]"
74,"[0.41895261845386533, 0.27, 0.34, 0.345, 0.3275, 0.3425, 0.4525, 0.335, 0.2725, 0.3825, 0.3225, 0.3475, 0.3725, 0.1625, 0.33, 0.53, 0.3775, 0.42, 0.17, 0.355, 0.0925, 0.335, 0.5175, 0.265, 0.3258145363408521]"
75,"[0.30423940149625933, 0.3475, 0.2975, 0.4, 0.3025, 0.345, 0.41, 0.425, 0.235, 0.35, 0.3025, 0.3575, 0.3775, 0.255, 0.3525, 0.5575, 0.3025, 0.4675, 0.0875, 0.3625, 0.2075, 0.3075, 0.45, 0.255, 0.2982456140350877]"
76,"[0.4239401496259352, 0.26, 0.3275, 0.35, 0.3175, 0.3375, 0.4825, 0.3025, 0.235, 0.375, 0.3225, 0.3425, 0.375, 0.15, 0.3275, 0.515, 0.385, 0.4525, 0.1775, 0.36, 0.09, 0.33, 0.5475, 0.2225, 0.3182957393483709]"
77,"[0.30423940149625933, 0.345, 0.29, 0.395, 0.3025, 0.335, 0.385, 0.4075, 0.2325, 0.3425, 0.295, 0.3775, 0.365, 0.2625, 0.3525, 0.5775, 0.2925, 0.465, 0.0875, 0.36, 0.2075, 0.31, 0.4575, 0.265, 0.2807017543859649]"
78,"[0.4239401496259352, 0.2375, 0.3225, 0.3525, 0.3175, 0.3275, 0.5025, 0.33, 0.2075, 0.3725, 0.3225, 0.3325, 0.3675, 0.145, 0.3175, 0.4825, 0.39, 0.4675, 0.17, 0.3525, 0.0975, 0.3275, 0.5625, 0.185, 0.3182957393483709]"
79,"[0.2967581047381546, 0.3425, 0.2825, 0.3825, 0.2975, 0.32, 0.3475, 0.375, 0.2225, 0.33, 0.29, 0.38, 0.365, 0.26, 0.3525, 0.5925, 0.28, 0.47, 0.09, 0.3525, 0.205, 0.3, 0.4625, 0.26, 0.2756892230576441]"
80,"[0.4389027431421446, 0.23, 0.3225, 0.35, 0.3175, 0.3175, 0.5, 0.3025, 0.19, 0.3775, 0.3225, 0.3325, 0.36, 0.1425, 0.315, 0.5125, 0.3875, 0.445, 0.1775, 0.3625, 0.0975, 0.3325, 0.5525, 0.175, 0.3182957393483709]"
81,"[0.2892768079800499, 0.34, 0.27, 0.375, 0.2925, 0.3125, 0.375, 0.3775, 0.225, 0.3275, 0.295, 0.3825, 0.36, 0.2775, 0.3525, 0.58, 0.2775, 0.4625, 0.0875, 0.3475, 0.205, 0.3, 0.455, 0.25, 0.2706766917293233]"
82,"[0.4239401496259352, 0.22, 0.32, 0.355, 0.3125, 0.3175, 0.48, 0.3025, 0.185, 0.38, 0.32, 0.32, 0.35, 0.135, 0.31, 0.5075, 0.385, 0.44, 0.175, 0.3525, 0.1, 0.335, 0.5625, 0.1675, 0.3157894736842105]"
83,"[0.29925187032418954, 0.3375, 0.265, 0.3725, 0.2825, 0.305, 0.38, 0.3875, 0.195, 0.325, 0.27, 0.39, 0.36, 0.2825, 0.35, 0.5825, 0.265, 0.4725, 0.0875, 0.345, 0.205, 0.295, 0.4625, 0.2475, 0.2681704260651629]"
84,"[0.41895261845386533, 0.22, 0.315, 0.355, 0.3075, 0.3175, 0.4325, 0.3175, 0.1775, 0.3775, 0.325, 0.325, 0.345, 0.13, 0.3, 0.49, 0.38, 0.445, 0.19, 0.35, 0.1, 0.3375, 0.565, 0.1575, 0.3107769423558897]"
85,"[0.29925187032418954, 0.335, 0.275, 0.3775, 0.28, 0.305, 0.445, 0.3825, 0.175, 0.3275, 0.2775, 0.4025, 0.3575, 0.2975, 0.345, 0.57, 0.2625, 0.4775, 0.0875, 0.3525, 0.2025, 0.2925, 0.45, 0.2025, 0.2681704260651629]"
86,"[0.42643391521197005, 0.225, 0.315, 0.35, 0.305, 0.3175, 0.4175, 0.3475, 0.1775, 0.3775, 0.325, 0.3175, 0.335, 0.1175, 0.2925, 0.5, 0.3725, 0.495, 0.225, 0.34, 0.1, 0.335, 0.56, 0.1625, 0.3082706766917293]"
87,"[0.29177057356608477, 0.3375, 0.2675, 0.365, 0.275, 0.3025, 0.5375, 0.3575, 0.1425, 0.3175, 0.2725, 0.395, 0.3575, 0.3025, 0.3375, 0.5675, 0.2625, 0.4775, 0.0875, 0.34, 0.2175, 0.29, 0.4275, 0.165, 0.2656641604010025]"
88,"[0.428927680798005, 0.215, 0.3175, 0.35, 0.3025, 0.32, 0.4325, 0.3425, 0.16, 0.38, 0.3275, 0.31, 0.3375, 0.1275, 0.285, 0.47, 0.3725, 0.52, 0.24, 0.335, 0.0975, 0.3325, 0.565, 0.1725, 0.3107769423558897]"
89,"[0.2892768079800499, 0.3425, 0.27, 0.35, 0.2675, 0.295, 0.5175, 0.335, 0.155, 0.3, 0.27, 0.405, 0.3525, 0.3075, 0.3325, 0.54, 0.2575, 0.4475, 0.0875, 0.3375, 0.2225, 0.29, 0.405, 0.1675, 0.2681704260651629]"
90,"[0.44139650872817954, 0.2125, 0.32, 0.345, 0.2975, 0.32, 0.4475, 0.3425, 0.1475, 0.3825, 0.3275, 0.3075, 0.33, 0.125, 0.285, 0.52, 0.3675, 0.535, 0.25, 0.335, 0.0975, 0.3325, 0.5825, 0.185, 0.3082706766917293]"
91,"[0.29177057356608477, 0.3475, 0.26, 0.345, 0.255, 0.29, 0.48, 0.35, 0.1525, 0.3, 0.2825, 0.405, 0.35, 0.3275, 0.3275, 0.5375, 0.2425, 0.45, 0.0875, 0.3325, 0.23, 0.295, 0.445, 0.1725, 0.2631578947368421]"
92,"[0.4314214463840399, 0.2025, 0.32, 0.3475, 0.3, 0.32, 0.415, 0.3025, 0.1525, 0.3875, 0.325, 0.3, 0.3225, 0.12, 0.285, 0.495, 0.375, 0.5525, 0.265, 0.335, 0.0975, 0.3325, 0.545, 0.1675, 0.3007518796992481]"
93,"[0.286783042394015, 0.345, 0.25, 0.3325, 0.25, 0.2825, 0.4875, 0.35, 0.1525, 0.29, 0.2825, 0.4075, 0.35, 0.3625, 0.3225, 0.5725, 0.24, 0.45, 0.0875, 0.33, 0.24, 0.2975, 0.46, 0.1725, 0.2656641604010025]"
94,"[0.42643391521197005, 0.1925, 0.32, 0.35, 0.295, 0.315, 0.395, 0.3175, 0.15, 0.385, 0.325, 0.3, 0.32, 0.1175, 0.285, 0.4525, 0.39, 0.5375, 0.2725, 0.3375, 0.0975, 0.3325, 0.515, 0.1575, 0.2907268170426065]"
95,"[0.28428927680798005, 0.3425, 0.2475, 0.3275, 0.2475, 0.28, 0.535, 0.3025, 0.1475, 0.2875, 0.2825, 0.42, 0.345, 0.3625, 0.315, 0.5625, 0.235, 0.4475, 0.0875, 0.32, 0.2375, 0.3025, 0.54, 0.17, 0.2631578947368421]"
96,"[0.4239401496259352, 0.1875, 0.3225, 0.355, 0.295, 0.31, 0.3825, 0.3175, 0.155, 0.3875, 0.3275, 0.3, 0.3175, 0.1175, 0.2775, 0.455, 0.3775, 0.5375, 0.27, 0.335, 0.095, 0.325, 0.4475, 0.175, 0.2857142857142857]"
97,"[0.2793017456359102, 0.3325, 0.2325, 0.3275, 0.245, 0.2725, 0.515, 0.3125, 0.1425, 0.2725, 0.2825, 0.42, 0.34, 0.3325, 0.31, 0.59, 0.2325, 0.4375, 0.0875, 0.31, 0.2325, 0.3, 0.575, 0.1575, 0.2631578947368421]"
98,"[0.428927680798005, 0.1875, 0.3175, 0.35, 0.29, 0.3125, 0.3725, 0.3175, 0.1475, 0.39, 0.325, 0.3, 0.31, 0.115, 0.27, 0.4625, 0.3775, 0.515, 0.2725, 0.3325, 0.095, 0.3225, 0.4775, 0.18, 0.2857142857142857]"
99,"[0.2817955112219451, 0.3325, 0.23, 0.3225, 0.2325, 0.25, 0.4975, 0.305, 0.1475, 0.275, 0.28, 0.43, 0.3325, 0.3125, 0.305, 0.565, 0.2325, 0.4275, 0.0875, 0.3075, 0.235, 0.3, 0.5525, 0.155, 0.2681704260651629]"
