eigenvector_centrality,"[0, 6, 3, 9, 14]"
0,"[0.1791044776119403, 0.095, 0.105, 0.215, 0.155, 0.07, 0.1, 0.085, 0.11, 0.09, 0.08, 0.11, 0.08, 0.09, 0.105, 0.125, 0.09, 0.135, 0.085, 0.125, 0.11, 0.075, 0.085, 0.14, 0.1, 0.115, 0.19, 0.08, 0.1, 0.135, 0.12, 0.18, 0.085, 0.11, 0.12, 0.095, 0.08, 0.105, 0.085, 0.085, 0.115, 0.09, 0.165, 0.125, 0.145, 0.15, 0.19, 0.135, 0.09, 0.08040201005025126]"
1,"[0.07960199004975124, 0.105, 0.105, 0.165, 0.045, 0.12, 0.11, 0.09, 0.08, 0.055, 0.08, 0.11, 0.08, 0.09, 0.1, 0.125, 0.1, 0.05, 0.09, 0.125, 0.135, 0.09, 0.1, 0.1, 0.1, 0.155, 0.115, 0.105, 0.1, 0.135, 0.12, 0.04, 0.095, 0.1, 0.105, 0.095, 0.08, 0.09, 0.025, 0.14, 0.07, 0.09, 0.11, 0.065, 0.105, 0.14, 0.085, 0.095, 0.12, 0.08040201005025126]"
2,"[0.07960199004975124, 0.08, 0.105, 0.13, 0.07, 0.07, 0.1, 0.09, 0.08, 0.14, 0.08, 0.11, 0.08, 0.09, 0.105, 0.125, 0.09, 0.05, 0.09, 0.125, 0.11, 0.075, 0.085, 0.1, 0.1, 0.09, 0.115, 0.08, 0.09, 0.135, 0.12, 0.04, 0.085, 0.105, 0.12, 0.095, 0.14, 0.105, 0.085, 0.075, 0.115, 0.09, 0.125, 0.11, 0.12, 0.14, 0.085, 0.085, 0.095, 0.08040201005025126]"
3,"[0.07960199004975124, 0.13, 0.105, 0.13, 0.09, 0.07, 0.11, 0.09, 0.08, 0.055, 0.095, 0.11, 0.08, 0.09, 0.1, 0.125, 0.1, 0.05, 0.09, 0.125, 0.075, 0.1, 0.105, 0.1, 0.125, 0.09, 0.085, 0.105, 0.1, 0.135, 0.12, 0.04, 0.095, 0.105, 0.105, 0.095, 0.075, 0.105, 0.085, 0.12, 0.125, 0.09, 0.11, 0.11, 0.12, 0.085, 0.085, 0.095, 0.12, 0.10050251256281408]"
4,"[0.07960199004975124, 0.14, 0.105, 0.13, 0.08, 0.105, 0.1, 0.09, 0.08, 0.14, 0.095, 0.11, 0.08, 0.095, 0.105, 0.125, 0.1, 0.05, 0.09, 0.125, 0.075, 0.075, 0.085, 0.1, 0.125, 0.09, 0.085, 0.08, 0.09, 0.135, 0.115, 0.04, 0.125, 0.105, 0.105, 0.065, 0.14, 0.09, 0.085, 0.12, 0.115, 0.09, 0.125, 0.11, 0.12, 0.14, 0.085, 0.14, 0.095, 0.09547738693467336]"
5,"[0.07960199004975124, 0.125, 0.105, 0.145, 0.12, 0.07, 0.11, 0.095, 0.08, 0.055, 0.095, 0.11, 0.08, 0.095, 0.1, 0.125, 0.1, 0.05, 0.09, 0.1, 0.075, 0.11, 0.105, 0.095, 0.125, 0.095, 0.085, 0.08, 0.11, 0.135, 0.115, 0.11, 0.07, 0.105, 0.105, 0.095, 0.075, 0.145, 0.085, 0.07, 0.155, 0.09, 0.145, 0.11, 0.025, 0.155, 0.085, 0.095, 0.1, 0.09547738693467336]"
6,"[0.13432835820895522, 0.08, 0.115, 0.175, 0.07, 0.105, 0.19, 0.125, 0.085, 0.055, 0.095, 0.125, 0.08, 0.09, 0.1, 0.06, 0.09, 0.055, 0.09, 0.1, 0.145, 0.075, 0.085, 0.095, 0.1, 0.15, 0.115, 0.08, 0.16, 0.135, 0.115, 0.04, 0.07, 0.12, 0.105, 0.095, 0.14, 0.135, 0.12, 0.075, 0.115, 0.14, 0.095, 0.11, 0.12, 0.085, 0.085, 0.205, 0.155, 0.09547738693467336]"
7,"[0.13432835820895522, 0.105, 0.125, 0.085, 0.16, 0.12, 0.11, 0.15, 0.135, 0.055, 0.16, 0.065, 0.08, 0.11, 0.1, 0.185, 0.17, 0.055, 0.135, 0.1, 0.2, 0.075, 0.205, 0.095, 0.1, 0.155, 0.135, 0.08, 0.09, 0.15, 0.115, 0.13, 0.07, 0.125, 0.105, 0.095, 0.21, 0.095, 0.11, 0.07, 0.11, 0.09, 0.11, 0.09, 0.105, 0.085, 0.085, 0.14, 0.1, 0.09547738693467336]"
8,"[0.13432835820895522, 0.17, 0.115, 0.085, 0.07, 0.245, 0.11, 0.2, 0.215, 0.155, 0.145, 0.105, 0.115, 0.175, 0.1, 0.08, 0.09, 0.135, 0.135, 0.1, 0.145, 0.075, 0.115, 0.095, 0.1, 0.23, 0.095, 0.08, 0.1, 0.175, 0.115, 0.04, 0.11, 0.145, 0.185, 0.11, 0.14, 0.095, 0.135, 0.17, 0.115, 0.09, 0.08, 0.11, 0.16, 0.085, 0.14, 0.125, 0.185, 0.1407035175879397]"
9,"[0.13930348258706468, 0.16, 0.125, 0.085, 0.075, 0.215, 0.12, 0.16, 0.17, 0.14, 0.145, 0.115, 0.055, 0.18, 0.11, 0.17, 0.09, 0.14, 0.13, 0.13, 0.065, 0.075, 0.11, 0.12, 0.1, 0.255, 0.11, 0.08, 0.085, 0.155, 0.29, 0.175, 0.12, 0.125, 0.12, 0.08, 0.24, 0.16, 0.14, 0.15, 0.215, 0.09, 0.085, 0.09, 0.14, 0.13, 0.16, 0.135, 0.115, 0.09045226130653267]"
10,"[0.20398009950248755, 0.155, 0.185, 0.1, 0.15, 0.225, 0.185, 0.175, 0.235, 0.165, 0.1, 0.08, 0.13, 0.145, 0.14, 0.215, 0.13, 0.135, 0.11, 0.07, 0.115, 0.175, 0.07, 0.085, 0.085, 0.095, 0.095, 0.08, 0.085, 0.105, 0.12, 0.125, 0.145, 0.13, 0.11, 0.07, 0.185, 0.185, 0.145, 0.115, 0.16, 0.14, 0.085, 0.18, 0.1, 0.185, 0.095, 0.145, 0.215, 0.09045226130653267]"
11,"[0.12437810945273632, 0.1, 0.14, 0.09, 0.225, 0.14, 0.09, 0.135, 0.11, 0.14, 0.145, 0.08, 0.16, 0.16, 0.13, 0.195, 0.09, 0.15, 0.14, 0.075, 0.185, 0.135, 0.195, 0.1, 0.185, 0.26, 0.165, 0.18, 0.11, 0.075, 0.185, 0.225, 0.115, 0.255, 0.11, 0.095, 0.19, 0.12, 0.14, 0.14, 0.33, 0.21, 0.075, 0.065, 0.09, 0.135, 0.12, 0.14, 0.08, 0.09045226130653267]"
12,"[0.23880597014925373, 0.26, 0.1, 0.26, 0.12, 0.165, 0.21, 0.205, 0.155, 0.215, 0.095, 0.135, 0.105, 0.155, 0.25, 0.235, 0.17, 0.165, 0.125, 0.135, 0.115, 0.105, 0.105, 0.1, 0.08, 0.08, 0.17, 0.195, 0.085, 0.155, 0.085, 0.15, 0.175, 0.13, 0.11, 0.07, 0.145, 0.205, 0.305, 0.115, 0.125, 0.235, 0.085, 0.2, 0.25, 0.12, 0.095, 0.1, 0.1, 0.2914572864321608]"
13,"[0.13930348258706468, 0.1, 0.155, 0.09, 0.33, 0.165, 0.09, 0.19, 0.125, 0.165, 0.345, 0.325, 0.14, 0.325, 0.17, 0.115, 0.29, 0.16, 0.175, 0.08, 0.17, 0.27, 0.215, 0.235, 0.225, 0.26, 0.255, 0.145, 0.165, 0.075, 0.3, 0.19, 0.12, 0.185, 0.3, 0.185, 0.18, 0.12, 0.145, 0.245, 0.175, 0.25, 0.185, 0.065, 0.095, 0.33, 0.19, 0.265, 0.125, 0.09547738693467336]"
14,"[0.3283582089552239, 0.245, 0.115, 0.32, 0.12, 0.175, 0.26, 0.22, 0.175, 0.375, 0.13, 0.18, 0.115, 0.245, 0.305, 0.185, 0.145, 0.365, 0.335, 0.315, 0.12, 0.1, 0.11, 0.115, 0.075, 0.11, 0.14, 0.275, 0.27, 0.175, 0.095, 0.145, 0.225, 0.135, 0.125, 0.075, 0.125, 0.205, 0.21, 0.115, 0.125, 0.29, 0.1, 0.235, 0.2, 0.12, 0.245, 0.22, 0.19, 0.2663316582914573]"
15,"[0.35323383084577115, 0.125, 0.22, 0.075, 0.275, 0.125, 0.12, 0.28, 0.12, 0.305, 0.225, 0.335, 0.15, 0.32, 0.23, 0.13, 0.23, 0.225, 0.32, 0.17, 0.17, 0.21, 0.265, 0.235, 0.28, 0.28, 0.2, 0.18, 0.23, 0.13, 0.285, 0.25, 0.17, 0.265, 0.275, 0.225, 0.205, 0.175, 0.165, 0.215, 0.185, 0.175, 0.2, 0.1, 0.105, 0.29, 0.23, 0.15, 0.13, 0.1407035175879397]"
16,"[0.2537313432835821, 0.205, 0.13, 0.35, 0.105, 0.21, 0.26, 0.2, 0.165, 0.21, 0.155, 0.14, 0.18, 0.27, 0.265, 0.17, 0.155, 0.23, 0.32, 0.28, 0.14, 0.11, 0.165, 0.18, 0.105, 0.115, 0.21, 0.23, 0.265, 0.18, 0.155, 0.17, 0.24, 0.14, 0.165, 0.1, 0.135, 0.225, 0.24, 0.165, 0.14, 0.315, 0.155, 0.235, 0.205, 0.125, 0.325, 0.145, 0.19, 0.3065326633165829]"
17,"[0.3333333333333333, 0.1, 0.22, 0.085, 0.325, 0.135, 0.14, 0.265, 0.125, 0.16, 0.24, 0.33, 0.19, 0.305, 0.275, 0.195, 0.285, 0.26, 0.28, 0.185, 0.17, 0.21, 0.25, 0.2, 0.3, 0.225, 0.205, 0.17, 0.265, 0.16, 0.27, 0.27, 0.3, 0.28, 0.295, 0.275, 0.23, 0.205, 0.17, 0.16, 0.195, 0.2, 0.245, 0.16, 0.105, 0.3, 0.345, 0.135, 0.14, 0.16080402010050251]"
18,"[0.27860696517412936, 0.27, 0.12, 0.375, 0.135, 0.26, 0.31, 0.2, 0.215, 0.19, 0.155, 0.165, 0.175, 0.23, 0.215, 0.21, 0.175, 0.225, 0.345, 0.275, 0.22, 0.11, 0.2, 0.17, 0.14, 0.155, 0.195, 0.245, 0.255, 0.205, 0.175, 0.11, 0.275, 0.16, 0.185, 0.13, 0.145, 0.24, 0.29, 0.22, 0.125, 0.35, 0.17, 0.255, 0.195, 0.13, 0.315, 0.185, 0.21, 0.31155778894472363]"
19,"[0.31343283582089554, 0.175, 0.245, 0.125, 0.33, 0.165, 0.165, 0.295, 0.14, 0.185, 0.235, 0.35, 0.21, 0.295, 0.175, 0.24, 0.285, 0.275, 0.215, 0.26, 0.175, 0.215, 0.255, 0.26, 0.34, 0.27, 0.215, 0.18, 0.25, 0.25, 0.275, 0.265, 0.295, 0.305, 0.305, 0.33, 0.255, 0.25, 0.225, 0.195, 0.215, 0.215, 0.285, 0.17, 0.15, 0.32, 0.38, 0.1, 0.16, 0.21105527638190955]"
20,"[0.208955223880597, 0.29, 0.175, 0.37, 0.15, 0.275, 0.325, 0.165, 0.235, 0.215, 0.18, 0.195, 0.25, 0.19, 0.215, 0.22, 0.17, 0.255, 0.345, 0.275, 0.175, 0.1, 0.22, 0.2, 0.16, 0.14, 0.215, 0.265, 0.27, 0.21, 0.24, 0.19, 0.305, 0.22, 0.19, 0.185, 0.15, 0.27, 0.315, 0.14, 0.175, 0.365, 0.16, 0.275, 0.2, 0.14, 0.34, 0.235, 0.235, 0.32160804020100503]"
21,"[0.3333333333333333, 0.23, 0.275, 0.135, 0.335, 0.165, 0.18, 0.305, 0.185, 0.16, 0.22, 0.36, 0.22, 0.285, 0.18, 0.195, 0.285, 0.245, 0.18, 0.275, 0.225, 0.22, 0.3, 0.27, 0.285, 0.295, 0.19, 0.17, 0.2, 0.31, 0.3, 0.275, 0.235, 0.325, 0.285, 0.35, 0.3, 0.3, 0.18, 0.215, 0.215, 0.225, 0.285, 0.19, 0.155, 0.335, 0.325, 0.085, 0.23, 0.21105527638190955]"
22,"[0.15920398009950248, 0.29, 0.16, 0.35, 0.19, 0.285, 0.285, 0.155, 0.235, 0.235, 0.235, 0.175, 0.21, 0.16, 0.31, 0.225, 0.185, 0.3, 0.33, 0.27, 0.11, 0.175, 0.2, 0.21, 0.225, 0.195, 0.265, 0.335, 0.28, 0.215, 0.205, 0.16, 0.305, 0.235, 0.2, 0.195, 0.22, 0.31, 0.325, 0.135, 0.195, 0.36, 0.185, 0.275, 0.245, 0.16, 0.37, 0.24, 0.265, 0.3417085427135678]"
23,"[0.3482587064676617, 0.195, 0.285, 0.13, 0.34, 0.145, 0.23, 0.315, 0.185, 0.17, 0.23, 0.36, 0.23, 0.285, 0.18, 0.21, 0.29, 0.22, 0.17, 0.26, 0.25, 0.225, 0.305, 0.29, 0.275, 0.305, 0.2, 0.17, 0.19, 0.305, 0.31, 0.29, 0.19, 0.325, 0.28, 0.345, 0.285, 0.285, 0.115, 0.27, 0.22, 0.155, 0.295, 0.185, 0.11, 0.35, 0.305, 0.095, 0.205, 0.21608040201005024]"
24,"[0.14427860696517414, 0.315, 0.15, 0.335, 0.19, 0.295, 0.285, 0.16, 0.24, 0.265, 0.25, 0.135, 0.205, 0.125, 0.335, 0.27, 0.215, 0.305, 0.325, 0.275, 0.115, 0.18, 0.155, 0.235, 0.17, 0.21, 0.3, 0.365, 0.315, 0.235, 0.16, 0.165, 0.32, 0.225, 0.25, 0.195, 0.21, 0.34, 0.325, 0.13, 0.175, 0.34, 0.185, 0.285, 0.29, 0.16, 0.445, 0.265, 0.27, 0.32663316582914576]"
25,"[0.4626865671641791, 0.155, 0.3, 0.43, 0.355, 0.12, 0.43, 0.32, 0.185, 0.385, 0.24, 0.325, 0.25, 0.29, 0.455, 0.225, 0.315, 0.195, 0.185, 0.25, 0.27, 0.255, 0.335, 0.37, 0.285, 0.335, 0.21, 0.205, 0.19, 0.31, 0.31, 0.355, 0.18, 0.305, 0.295, 0.345, 0.285, 0.28, 0.105, 0.29, 0.25, 0.14, 0.315, 0.16, 0.115, 0.34, 0.255, 0.135, 0.185, 0.16080402010050251]"
26,"[0.5572139303482587, 0.365, 0.16, 0.335, 0.195, 0.305, 0.32, 0.295, 0.26, 0.435, 0.285, 0.145, 0.2, 0.11, 0.395, 0.34, 0.255, 0.27, 0.39, 0.295, 0.14, 0.225, 0.325, 0.495, 0.36, 0.385, 0.41, 0.34, 0.34, 0.245, 0.305, 0.395, 0.41, 0.22, 0.23, 0.23, 0.315, 0.37, 0.31, 0.275, 0.21, 0.32, 0.175, 0.315, 0.315, 0.25, 0.385, 0.275, 0.275, 0.3015075376884422]"
27,"[0.4427860696517413, 0.18, 0.325, 0.505, 0.405, 0.105, 0.495, 0.175, 0.22, 0.585, 0.265, 0.35, 0.34, 0.35, 0.33, 0.265, 0.39, 0.25, 0.305, 0.2, 0.34, 0.28, 0.46, 0.445, 0.36, 0.365, 0.35, 0.3, 0.235, 0.245, 0.38, 0.405, 0.25, 0.295, 0.355, 0.44, 0.54, 0.385, 0.145, 0.375, 0.28, 0.22, 0.405, 0.165, 0.16, 0.365, 0.385, 0.2, 0.215, 0.2964824120603015]"
28,"[0.3582089552238806, 0.37, 0.165, 0.355, 0.18, 0.345, 0.37, 0.39, 0.285, 0.35, 0.275, 0.21, 0.205, 0.19, 0.515, 0.28, 0.26, 0.34, 0.43, 0.35, 0.155, 0.205, 0.39, 0.44, 0.35, 0.37, 0.43, 0.515, 0.415, 0.33, 0.255, 0.49, 0.395, 0.22, 0.265, 0.255, 0.2, 0.455, 0.375, 0.285, 0.195, 0.29, 0.2, 0.35, 0.355, 0.19, 0.36, 0.29, 0.335, 0.3417085427135678]"
29,"[0.43781094527363185, 0.135, 0.325, 0.545, 0.34, 0.075, 0.44, 0.225, 0.22, 0.515, 0.375, 0.435, 0.355, 0.365, 0.265, 0.325, 0.455, 0.335, 0.42, 0.155, 0.365, 0.34, 0.455, 0.46, 0.415, 0.375, 0.445, 0.27, 0.21, 0.14, 0.385, 0.45, 0.285, 0.34, 0.4, 0.49, 0.45, 0.435, 0.22, 0.435, 0.275, 0.175, 0.415, 0.16, 0.18, 0.425, 0.225, 0.275, 0.19, 0.18592964824120603]"
30,"[0.5223880597014925, 0.385, 0.14, 0.395, 0.155, 0.33, 0.375, 0.43, 0.31, 0.35, 0.25, 0.31, 0.165, 0.275, 0.51, 0.3, 0.3, 0.39, 0.42, 0.365, 0.155, 0.195, 0.28, 0.445, 0.295, 0.42, 0.48, 0.53, 0.465, 0.34, 0.225, 0.475, 0.45, 0.235, 0.135, 0.23, 0.255, 0.42, 0.41, 0.255, 0.12, 0.37, 0.23, 0.355, 0.325, 0.185, 0.365, 0.2, 0.37, 0.32160804020100503]"
31,"[0.30845771144278605, 0.135, 0.315, 0.57, 0.35, 0.08, 0.575, 0.225, 0.18, 0.49, 0.415, 0.455, 0.365, 0.37, 0.28, 0.27, 0.465, 0.28, 0.445, 0.105, 0.34, 0.36, 0.48, 0.385, 0.385, 0.395, 0.49, 0.27, 0.085, 0.135, 0.395, 0.38, 0.35, 0.34, 0.41, 0.48, 0.495, 0.415, 0.3, 0.5, 0.28, 0.2, 0.355, 0.16, 0.2, 0.435, 0.27, 0.305, 0.125, 0.19095477386934673]"
32,"[0.5671641791044776, 0.34, 0.12, 0.405, 0.125, 0.295, 0.375, 0.45, 0.315, 0.385, 0.225, 0.23, 0.16, 0.345, 0.535, 0.325, 0.245, 0.415, 0.465, 0.395, 0.18, 0.195, 0.28, 0.385, 0.37, 0.425, 0.425, 0.54, 0.46, 0.31, 0.185, 0.385, 0.42, 0.22, 0.11, 0.26, 0.21, 0.365, 0.425, 0.24, 0.135, 0.395, 0.26, 0.35, 0.315, 0.2, 0.31, 0.155, 0.405, 0.3065326633165829]"
33,"[0.373134328358209, 0.15, 0.305, 0.585, 0.34, 0.07, 0.5, 0.235, 0.14, 0.495, 0.415, 0.485, 0.34, 0.41, 0.305, 0.26, 0.445, 0.16, 0.43, 0.11, 0.395, 0.31, 0.51, 0.44, 0.47, 0.345, 0.49, 0.28, 0.105, 0.145, 0.42, 0.44, 0.37, 0.395, 0.415, 0.475, 0.465, 0.365, 0.265, 0.55, 0.26, 0.2, 0.35, 0.16, 0.205, 0.435, 0.32, 0.365, 0.12, 0.19095477386934673]"
34,"[0.5522388059701493, 0.365, 0.11, 0.44, 0.11, 0.295, 0.37, 0.47, 0.35, 0.395, 0.21, 0.165, 0.185, 0.355, 0.56, 0.315, 0.245, 0.42, 0.445, 0.39, 0.185, 0.215, 0.285, 0.395, 0.405, 0.425, 0.37, 0.545, 0.41, 0.3, 0.17, 0.43, 0.375, 0.19, 0.135, 0.25, 0.225, 0.375, 0.4, 0.245, 0.125, 0.35, 0.27, 0.305, 0.36, 0.185, 0.315, 0.155, 0.39, 0.2562814070351759]"
35,"[0.3383084577114428, 0.165, 0.285, 0.615, 0.3, 0.07, 0.495, 0.22, 0.125, 0.51, 0.445, 0.425, 0.305, 0.41, 0.315, 0.245, 0.445, 0.13, 0.435, 0.105, 0.42, 0.31, 0.55, 0.42, 0.455, 0.335, 0.46, 0.27, 0.21, 0.165, 0.41, 0.445, 0.365, 0.375, 0.385, 0.455, 0.455, 0.395, 0.205, 0.555, 0.26, 0.17, 0.305, 0.165, 0.225, 0.435, 0.4, 0.38, 0.12, 0.22110552763819097]"
36,"[0.5572139303482587, 0.395, 0.13, 0.445, 0.09, 0.28, 0.38, 0.47, 0.33, 0.415, 0.185, 0.175, 0.175, 0.365, 0.57, 0.3, 0.235, 0.39, 0.455, 0.42, 0.205, 0.23, 0.245, 0.41, 0.41, 0.41, 0.37, 0.52, 0.405, 0.295, 0.195, 0.435, 0.38, 0.185, 0.135, 0.2, 0.175, 0.355, 0.43, 0.26, 0.125, 0.325, 0.3, 0.285, 0.375, 0.185, 0.345, 0.15, 0.415, 0.2613065326633166]"
37,"[0.38308457711442784, 0.175, 0.26, 0.6, 0.285, 0.07, 0.495, 0.21, 0.12, 0.55, 0.46, 0.42, 0.3, 0.415, 0.38, 0.27, 0.395, 0.14, 0.415, 0.11, 0.455, 0.305, 0.545, 0.47, 0.43, 0.345, 0.475, 0.26, 0.225, 0.2, 0.39, 0.495, 0.35, 0.36, 0.345, 0.46, 0.465, 0.385, 0.18, 0.545, 0.245, 0.19, 0.315, 0.16, 0.225, 0.435, 0.41, 0.33, 0.125, 0.24623115577889448]"
38,"[0.5572139303482587, 0.405, 0.155, 0.445, 0.095, 0.28, 0.38, 0.41, 0.365, 0.42, 0.18, 0.19, 0.17, 0.31, 0.575, 0.29, 0.245, 0.4, 0.45, 0.375, 0.23, 0.235, 0.275, 0.425, 0.42, 0.38, 0.355, 0.495, 0.39, 0.3, 0.215, 0.46, 0.375, 0.17, 0.165, 0.175, 0.22, 0.335, 0.415, 0.25, 0.125, 0.355, 0.26, 0.275, 0.39, 0.2, 0.35, 0.15, 0.435, 0.2613065326633166]"
39,"[0.39303482587064675, 0.18, 0.255, 0.655, 0.295, 0.075, 0.535, 0.215, 0.095, 0.555, 0.455, 0.425, 0.3, 0.425, 0.365, 0.305, 0.385, 0.145, 0.375, 0.135, 0.47, 0.35, 0.55, 0.43, 0.43, 0.365, 0.415, 0.25, 0.235, 0.27, 0.39, 0.485, 0.365, 0.355, 0.36, 0.445, 0.45, 0.36, 0.17, 0.52, 0.275, 0.21, 0.33, 0.175, 0.235, 0.425, 0.395, 0.34, 0.12, 0.23618090452261306]"
40,"[0.6169154228855721, 0.405, 0.195, 0.495, 0.105, 0.285, 0.395, 0.4, 0.37, 0.42, 0.18, 0.24, 0.165, 0.28, 0.585, 0.305, 0.26, 0.42, 0.44, 0.385, 0.31, 0.22, 0.27, 0.415, 0.435, 0.36, 0.33, 0.485, 0.42, 0.315, 0.27, 0.46, 0.36, 0.15, 0.17, 0.2, 0.2, 0.345, 0.405, 0.27, 0.13, 0.355, 0.27, 0.28, 0.415, 0.255, 0.39, 0.17, 0.445, 0.271356783919598]"
41,"[0.43283582089552236, 0.21, 0.265, 0.6, 0.29, 0.075, 0.51, 0.185, 0.08, 0.58, 0.475, 0.49, 0.32, 0.38, 0.36, 0.29, 0.39, 0.195, 0.355, 0.14, 0.475, 0.37, 0.55, 0.46, 0.43, 0.355, 0.38, 0.245, 0.25, 0.28, 0.395, 0.475, 0.335, 0.38, 0.375, 0.445, 0.445, 0.365, 0.16, 0.49, 0.325, 0.215, 0.31, 0.175, 0.24, 0.425, 0.375, 0.365, 0.14, 0.23618090452261306]"
42,"[0.582089552238806, 0.435, 0.22, 0.455, 0.115, 0.315, 0.405, 0.42, 0.355, 0.435, 0.195, 0.28, 0.155, 0.25, 0.57, 0.295, 0.28, 0.455, 0.4, 0.395, 0.31, 0.23, 0.28, 0.415, 0.445, 0.34, 0.34, 0.5, 0.4, 0.325, 0.29, 0.475, 0.36, 0.115, 0.18, 0.17, 0.205, 0.335, 0.395, 0.345, 0.16, 0.35, 0.275, 0.27, 0.43, 0.235, 0.385, 0.18, 0.44, 0.31155778894472363]"
43,"[0.42786069651741293, 0.245, 0.27, 0.675, 0.29, 0.085, 0.52, 0.195, 0.075, 0.58, 0.445, 0.485, 0.3, 0.345, 0.385, 0.28, 0.385, 0.19, 0.34, 0.165, 0.49, 0.39, 0.545, 0.435, 0.385, 0.345, 0.355, 0.24, 0.28, 0.255, 0.38, 0.455, 0.295, 0.375, 0.385, 0.445, 0.45, 0.335, 0.13, 0.46, 0.335, 0.235, 0.31, 0.17, 0.26, 0.45, 0.365, 0.385, 0.16, 0.22110552763819097]"
44,"[0.6119402985074627, 0.435, 0.215, 0.46, 0.125, 0.325, 0.41, 0.425, 0.36, 0.455, 0.195, 0.275, 0.16, 0.215, 0.565, 0.325, 0.275, 0.445, 0.395, 0.42, 0.305, 0.26, 0.27, 0.42, 0.44, 0.335, 0.325, 0.495, 0.43, 0.32, 0.27, 0.5, 0.345, 0.11, 0.225, 0.18, 0.23, 0.33, 0.38, 0.35, 0.17, 0.35, 0.28, 0.275, 0.46, 0.23, 0.405, 0.175, 0.415, 0.31155778894472363]"
45,"[0.4427860696517413, 0.225, 0.285, 0.62, 0.275, 0.09, 0.53, 0.195, 0.1, 0.62, 0.475, 0.5, 0.305, 0.345, 0.395, 0.25, 0.37, 0.2, 0.3, 0.16, 0.49, 0.39, 0.525, 0.475, 0.44, 0.36, 0.335, 0.225, 0.295, 0.265, 0.395, 0.475, 0.27, 0.38, 0.4, 0.435, 0.425, 0.3, 0.14, 0.48, 0.35, 0.225, 0.28, 0.165, 0.26, 0.48, 0.37, 0.385, 0.17, 0.23618090452261306]"
46,"[0.5024875621890548, 0.45, 0.215, 0.48, 0.135, 0.385, 0.415, 0.48, 0.375, 0.455, 0.205, 0.285, 0.125, 0.16, 0.56, 0.325, 0.265, 0.455, 0.37, 0.43, 0.325, 0.275, 0.26, 0.44, 0.445, 0.34, 0.33, 0.475, 0.425, 0.34, 0.26, 0.485, 0.32, 0.12, 0.24, 0.175, 0.235, 0.33, 0.37, 0.345, 0.17, 0.37, 0.26, 0.28, 0.47, 0.225, 0.41, 0.185, 0.405, 0.32663316582914576]"
47,"[0.4626865671641791, 0.225, 0.295, 0.615, 0.285, 0.09, 0.515, 0.255, 0.115, 0.605, 0.47, 0.465, 0.28, 0.33, 0.395, 0.27, 0.385, 0.2, 0.275, 0.175, 0.49, 0.39, 0.525, 0.48, 0.47, 0.375, 0.31, 0.22, 0.3, 0.26, 0.38, 0.48, 0.265, 0.37, 0.405, 0.435, 0.435, 0.265, 0.14, 0.46, 0.34, 0.24, 0.265, 0.165, 0.255, 0.46, 0.38, 0.405, 0.17, 0.22613065326633167]"
48,"[0.5124378109452736, 0.445, 0.225, 0.47, 0.14, 0.4, 0.42, 0.51, 0.375, 0.465, 0.21, 0.3, 0.13, 0.16, 0.56, 0.325, 0.285, 0.46, 0.335, 0.44, 0.33, 0.29, 0.275, 0.43, 0.45, 0.345, 0.34, 0.465, 0.435, 0.34, 0.25, 0.475, 0.305, 0.12, 0.25, 0.18, 0.22, 0.33, 0.375, 0.35, 0.17, 0.38, 0.25, 0.3, 0.5, 0.23, 0.435, 0.18, 0.385, 0.3316582914572864]"
49,"[0.4626865671641791, 0.22, 0.3, 0.61, 0.28, 0.095, 0.51, 0.26, 0.12, 0.605, 0.475, 0.495, 0.305, 0.335, 0.4, 0.255, 0.37, 0.205, 0.29, 0.175, 0.49, 0.4, 0.535, 0.475, 0.46, 0.355, 0.335, 0.22, 0.31, 0.265, 0.38, 0.475, 0.245, 0.37, 0.405, 0.425, 0.405, 0.255, 0.125, 0.47, 0.345, 0.275, 0.27, 0.175, 0.26, 0.465, 0.365, 0.39, 0.17, 0.22613065326633167]"
50,"[0.5870646766169154, 0.405, 0.235, 0.45, 0.14, 0.405, 0.415, 0.495, 0.385, 0.47, 0.215, 0.31, 0.135, 0.265, 0.56, 0.29, 0.265, 0.475, 0.335, 0.44, 0.335, 0.3, 0.23, 0.425, 0.425, 0.35, 0.345, 0.47, 0.435, 0.35, 0.235, 0.47, 0.265, 0.12, 0.225, 0.19, 0.225, 0.325, 0.365, 0.36, 0.17, 0.38, 0.23, 0.3, 0.51, 0.22, 0.42, 0.185, 0.4, 0.3417085427135678]"
51,"[0.48258706467661694, 0.21, 0.29, 0.645, 0.28, 0.1, 0.515, 0.265, 0.12, 0.59, 0.475, 0.49, 0.31, 0.34, 0.41, 0.25, 0.365, 0.22, 0.315, 0.18, 0.46, 0.405, 0.51, 0.475, 0.475, 0.38, 0.33, 0.26, 0.295, 0.275, 0.375, 0.455, 0.25, 0.385, 0.415, 0.425, 0.43, 0.25, 0.13, 0.48, 0.355, 0.265, 0.265, 0.175, 0.28, 0.45, 0.38, 0.415, 0.175, 0.24120603015075376]"
52,"[0.5920398009950248, 0.39, 0.235, 0.47, 0.145, 0.405, 0.44, 0.48, 0.37, 0.49, 0.23, 0.315, 0.155, 0.245, 0.565, 0.295, 0.305, 0.47, 0.33, 0.43, 0.34, 0.3, 0.255, 0.46, 0.385, 0.34, 0.4, 0.49, 0.445, 0.35, 0.225, 0.47, 0.265, 0.13, 0.23, 0.185, 0.22, 0.365, 0.36, 0.365, 0.175, 0.4, 0.245, 0.29, 0.52, 0.24, 0.44, 0.185, 0.425, 0.34673366834170855]"
53,"[0.472636815920398, 0.21, 0.305, 0.68, 0.275, 0.135, 0.51, 0.275, 0.125, 0.565, 0.47, 0.49, 0.28, 0.34, 0.405, 0.245, 0.385, 0.235, 0.31, 0.195, 0.45, 0.415, 0.51, 0.465, 0.515, 0.38, 0.32, 0.29, 0.305, 0.265, 0.365, 0.44, 0.255, 0.385, 0.42, 0.435, 0.42, 0.27, 0.13, 0.47, 0.35, 0.265, 0.265, 0.2, 0.295, 0.445, 0.365, 0.42, 0.195, 0.2814070351758794]"
54,"[0.5572139303482587, 0.355, 0.235, 0.47, 0.175, 0.4, 0.445, 0.51, 0.365, 0.505, 0.255, 0.315, 0.205, 0.235, 0.565, 0.3, 0.3, 0.485, 0.38, 0.44, 0.335, 0.29, 0.235, 0.46, 0.43, 0.335, 0.39, 0.48, 0.44, 0.35, 0.23, 0.46, 0.27, 0.135, 0.25, 0.2, 0.215, 0.33, 0.38, 0.34, 0.175, 0.415, 0.285, 0.285, 0.5, 0.235, 0.435, 0.185, 0.415, 0.38190954773869346]"
55,"[0.47761194029850745, 0.205, 0.305, 0.675, 0.265, 0.155, 0.52, 0.27, 0.165, 0.53, 0.47, 0.485, 0.3, 0.365, 0.38, 0.245, 0.385, 0.245, 0.285, 0.2, 0.45, 0.4, 0.495, 0.455, 0.49, 0.4, 0.31, 0.31, 0.295, 0.26, 0.39, 0.465, 0.25, 0.39, 0.42, 0.42, 0.44, 0.275, 0.14, 0.49, 0.35, 0.275, 0.26, 0.23, 0.295, 0.45, 0.355, 0.415, 0.215, 0.2914572864321608]"
56,"[0.5024875621890548, 0.355, 0.24, 0.445, 0.205, 0.42, 0.45, 0.515, 0.365, 0.495, 0.275, 0.305, 0.21, 0.22, 0.54, 0.305, 0.26, 0.5, 0.37, 0.435, 0.33, 0.295, 0.23, 0.44, 0.425, 0.335, 0.4, 0.49, 0.43, 0.345, 0.24, 0.475, 0.275, 0.15, 0.26, 0.19, 0.22, 0.335, 0.38, 0.35, 0.165, 0.405, 0.275, 0.295, 0.47, 0.23, 0.46, 0.22, 0.42, 0.3768844221105528]"
57,"[0.46766169154228854, 0.2, 0.305, 0.63, 0.265, 0.175, 0.535, 0.285, 0.185, 0.53, 0.485, 0.485, 0.3, 0.375, 0.4, 0.24, 0.385, 0.26, 0.275, 0.21, 0.45, 0.41, 0.485, 0.48, 0.495, 0.385, 0.32, 0.305, 0.29, 0.26, 0.375, 0.455, 0.255, 0.4, 0.4, 0.465, 0.425, 0.295, 0.15, 0.49, 0.34, 0.29, 0.235, 0.265, 0.29, 0.48, 0.335, 0.42, 0.24, 0.2814070351758794]"
58,"[0.5373134328358209, 0.355, 0.235, 0.48, 0.23, 0.415, 0.44, 0.51, 0.365, 0.495, 0.265, 0.295, 0.21, 0.22, 0.5, 0.31, 0.23, 0.5, 0.395, 0.435, 0.32, 0.29, 0.245, 0.435, 0.375, 0.315, 0.405, 0.485, 0.44, 0.35, 0.235, 0.455, 0.27, 0.165, 0.255, 0.19, 0.22, 0.34, 0.405, 0.36, 0.17, 0.43, 0.285, 0.295, 0.465, 0.24, 0.44, 0.225, 0.415, 0.38190954773869346]"
59,"[0.4626865671641791, 0.205, 0.305, 0.62, 0.265, 0.18, 0.55, 0.285, 0.185, 0.535, 0.49, 0.475, 0.3, 0.385, 0.39, 0.25, 0.38, 0.305, 0.275, 0.205, 0.455, 0.415, 0.49, 0.47, 0.51, 0.39, 0.33, 0.28, 0.28, 0.26, 0.36, 0.44, 0.26, 0.4, 0.4, 0.46, 0.435, 0.29, 0.17, 0.48, 0.35, 0.27, 0.235, 0.25, 0.29, 0.47, 0.355, 0.42, 0.23, 0.3015075376884422]"
60,"[0.5920398009950248, 0.355, 0.23, 0.535, 0.255, 0.41, 0.44, 0.51, 0.36, 0.495, 0.26, 0.29, 0.215, 0.225, 0.54, 0.31, 0.23, 0.49, 0.405, 0.44, 0.315, 0.295, 0.26, 0.45, 0.39, 0.33, 0.405, 0.48, 0.435, 0.36, 0.255, 0.465, 0.26, 0.185, 0.27, 0.205, 0.215, 0.33, 0.44, 0.33, 0.17, 0.46, 0.3, 0.29, 0.455, 0.245, 0.445, 0.22, 0.41, 0.3869346733668342]"
61,"[0.4577114427860697, 0.205, 0.305, 0.53, 0.265, 0.18, 0.555, 0.275, 0.185, 0.545, 0.48, 0.485, 0.305, 0.39, 0.405, 0.245, 0.37, 0.3, 0.29, 0.215, 0.455, 0.415, 0.495, 0.47, 0.51, 0.38, 0.34, 0.315, 0.31, 0.275, 0.385, 0.435, 0.28, 0.41, 0.41, 0.485, 0.44, 0.28, 0.17, 0.47, 0.35, 0.255, 0.23, 0.255, 0.29, 0.485, 0.36, 0.405, 0.235, 0.3015075376884422]"
62,"[0.6268656716417911, 0.36, 0.235, 0.56, 0.265, 0.415, 0.435, 0.49, 0.365, 0.505, 0.265, 0.295, 0.21, 0.225, 0.565, 0.31, 0.265, 0.48, 0.4, 0.455, 0.325, 0.29, 0.285, 0.47, 0.395, 0.33, 0.39, 0.495, 0.435, 0.365, 0.28, 0.46, 0.26, 0.215, 0.275, 0.205, 0.255, 0.35, 0.455, 0.355, 0.17, 0.44, 0.305, 0.295, 0.44, 0.25, 0.44, 0.215, 0.43, 0.3869346733668342]"
63,"[0.4527363184079602, 0.215, 0.31, 0.55, 0.275, 0.18, 0.53, 0.275, 0.195, 0.56, 0.49, 0.485, 0.305, 0.385, 0.41, 0.26, 0.375, 0.315, 0.3, 0.215, 0.45, 0.415, 0.5, 0.46, 0.5, 0.415, 0.35, 0.31, 0.305, 0.285, 0.385, 0.425, 0.265, 0.425, 0.405, 0.47, 0.44, 0.285, 0.17, 0.475, 0.34, 0.27, 0.245, 0.255, 0.29, 0.48, 0.37, 0.405, 0.235, 0.2964824120603015]"
64,"[0.6368159203980099, 0.36, 0.23, 0.565, 0.265, 0.43, 0.44, 0.5, 0.36, 0.5, 0.265, 0.29, 0.22, 0.23, 0.54, 0.31, 0.27, 0.475, 0.4, 0.445, 0.31, 0.3, 0.275, 0.465, 0.42, 0.325, 0.39, 0.48, 0.45, 0.36, 0.28, 0.44, 0.26, 0.215, 0.275, 0.205, 0.255, 0.36, 0.44, 0.345, 0.165, 0.42, 0.325, 0.31, 0.44, 0.26, 0.44, 0.225, 0.415, 0.39195979899497485]"
65,"[0.44776119402985076, 0.215, 0.315, 0.585, 0.28, 0.185, 0.515, 0.28, 0.2, 0.56, 0.495, 0.505, 0.305, 0.395, 0.415, 0.27, 0.375, 0.32, 0.295, 0.215, 0.44, 0.41, 0.5, 0.465, 0.49, 0.385, 0.33, 0.31, 0.29, 0.27, 0.385, 0.39, 0.28, 0.425, 0.41, 0.47, 0.425, 0.285, 0.17, 0.475, 0.365, 0.285, 0.24, 0.265, 0.28, 0.51, 0.375, 0.42, 0.23, 0.2914572864321608]"
66,"[0.6119402985074627, 0.365, 0.23, 0.57, 0.265, 0.435, 0.435, 0.49, 0.375, 0.5, 0.275, 0.28, 0.235, 0.235, 0.54, 0.315, 0.28, 0.48, 0.41, 0.435, 0.31, 0.305, 0.27, 0.475, 0.425, 0.33, 0.41, 0.505, 0.45, 0.37, 0.3, 0.44, 0.27, 0.225, 0.26, 0.215, 0.26, 0.35, 0.465, 0.335, 0.17, 0.465, 0.33, 0.305, 0.445, 0.24, 0.435, 0.23, 0.42, 0.3969849246231156]"
67,"[0.44776119402985076, 0.215, 0.315, 0.59, 0.26, 0.19, 0.595, 0.265, 0.195, 0.575, 0.505, 0.505, 0.31, 0.405, 0.425, 0.285, 0.38, 0.325, 0.28, 0.21, 0.465, 0.405, 0.505, 0.475, 0.49, 0.415, 0.315, 0.295, 0.29, 0.29, 0.365, 0.38, 0.28, 0.425, 0.41, 0.46, 0.445, 0.305, 0.175, 0.465, 0.365, 0.28, 0.26, 0.265, 0.28, 0.515, 0.385, 0.425, 0.26, 0.2814070351758794]"
68,"[0.6218905472636815, 0.36, 0.24, 0.56, 0.28, 0.435, 0.42, 0.5, 0.375, 0.515, 0.275, 0.285, 0.235, 0.235, 0.565, 0.315, 0.27, 0.48, 0.41, 0.44, 0.315, 0.31, 0.3, 0.465, 0.395, 0.335, 0.405, 0.51, 0.455, 0.365, 0.3, 0.44, 0.275, 0.21, 0.275, 0.22, 0.225, 0.345, 0.475, 0.335, 0.175, 0.455, 0.32, 0.32, 0.445, 0.245, 0.455, 0.24, 0.4, 0.3869346733668342]"
69,"[0.4626865671641791, 0.215, 0.31, 0.6, 0.275, 0.205, 0.53, 0.26, 0.205, 0.61, 0.5, 0.505, 0.305, 0.4, 0.445, 0.29, 0.385, 0.31, 0.285, 0.22, 0.465, 0.395, 0.5, 0.465, 0.485, 0.42, 0.33, 0.29, 0.295, 0.3, 0.37, 0.415, 0.27, 0.425, 0.405, 0.465, 0.445, 0.295, 0.18, 0.485, 0.355, 0.295, 0.245, 0.265, 0.285, 0.52, 0.385, 0.42, 0.255, 0.2814070351758794]"
70,"[0.5522388059701493, 0.365, 0.245, 0.565, 0.275, 0.44, 0.43, 0.5, 0.375, 0.51, 0.27, 0.29, 0.24, 0.235, 0.54, 0.31, 0.295, 0.48, 0.415, 0.43, 0.315, 0.32, 0.34, 0.47, 0.39, 0.335, 0.425, 0.52, 0.45, 0.365, 0.295, 0.455, 0.275, 0.23, 0.275, 0.265, 0.24, 0.345, 0.49, 0.34, 0.175, 0.485, 0.31, 0.325, 0.45, 0.23, 0.455, 0.245, 0.425, 0.39195979899497485]"
71,"[0.48258706467661694, 0.21, 0.295, 0.585, 0.28, 0.21, 0.52, 0.26, 0.21, 0.585, 0.5, 0.505, 0.305, 0.405, 0.42, 0.295, 0.39, 0.32, 0.29, 0.22, 0.475, 0.41, 0.51, 0.455, 0.515, 0.425, 0.325, 0.28, 0.29, 0.28, 0.37, 0.42, 0.265, 0.425, 0.415, 0.475, 0.45, 0.295, 0.19, 0.47, 0.36, 0.315, 0.255, 0.265, 0.29, 0.505, 0.38, 0.42, 0.24, 0.2814070351758794]"
72,"[0.582089552238806, 0.375, 0.245, 0.51, 0.275, 0.455, 0.415, 0.495, 0.375, 0.52, 0.27, 0.275, 0.25, 0.235, 0.51, 0.31, 0.31, 0.49, 0.425, 0.445, 0.32, 0.325, 0.35, 0.475, 0.43, 0.33, 0.41, 0.485, 0.47, 0.365, 0.3, 0.45, 0.295, 0.2, 0.275, 0.245, 0.24, 0.335, 0.485, 0.335, 0.18, 0.48, 0.31, 0.335, 0.455, 0.235, 0.475, 0.255, 0.415, 0.3969849246231156]"
73,"[0.472636815920398, 0.23, 0.295, 0.59, 0.275, 0.205, 0.55, 0.245, 0.21, 0.57, 0.52, 0.515, 0.32, 0.405, 0.41, 0.295, 0.395, 0.31, 0.305, 0.21, 0.475, 0.395, 0.51, 0.475, 0.53, 0.405, 0.33, 0.275, 0.27, 0.305, 0.365, 0.43, 0.25, 0.425, 0.42, 0.475, 0.45, 0.27, 0.195, 0.48, 0.355, 0.32, 0.255, 0.265, 0.295, 0.485, 0.395, 0.415, 0.25, 0.2814070351758794]"
74,"[0.5920398009950248, 0.375, 0.26, 0.505, 0.265, 0.455, 0.415, 0.455, 0.375, 0.52, 0.275, 0.285, 0.255, 0.235, 0.51, 0.315, 0.3, 0.5, 0.445, 0.425, 0.32, 0.325, 0.355, 0.485, 0.425, 0.335, 0.415, 0.475, 0.47, 0.365, 0.3, 0.455, 0.305, 0.205, 0.265, 0.235, 0.245, 0.35, 0.495, 0.36, 0.175, 0.49, 0.29, 0.355, 0.45, 0.225, 0.47, 0.25, 0.415, 0.4020100502512563]"
75,"[0.47761194029850745, 0.23, 0.295, 0.58, 0.255, 0.205, 0.52, 0.27, 0.205, 0.605, 0.51, 0.515, 0.315, 0.425, 0.42, 0.285, 0.41, 0.3, 0.325, 0.21, 0.485, 0.4, 0.52, 0.48, 0.5, 0.405, 0.335, 0.275, 0.28, 0.315, 0.365, 0.42, 0.255, 0.43, 0.415, 0.48, 0.44, 0.27, 0.21, 0.49, 0.36, 0.33, 0.26, 0.27, 0.31, 0.5, 0.375, 0.4, 0.265, 0.2864321608040201]"
76,"[0.6069651741293532, 0.38, 0.25, 0.525, 0.295, 0.46, 0.42, 0.485, 0.38, 0.515, 0.285, 0.28, 0.245, 0.24, 0.53, 0.325, 0.32, 0.51, 0.435, 0.44, 0.32, 0.335, 0.35, 0.47, 0.455, 0.335, 0.405, 0.47, 0.475, 0.355, 0.3, 0.465, 0.29, 0.22, 0.285, 0.255, 0.225, 0.355, 0.495, 0.355, 0.175, 0.475, 0.3, 0.325, 0.445, 0.215, 0.47, 0.255, 0.42, 0.3869346733668342]"
77,"[0.4626865671641791, 0.23, 0.295, 0.565, 0.255, 0.21, 0.53, 0.27, 0.21, 0.6, 0.515, 0.535, 0.32, 0.42, 0.4, 0.285, 0.41, 0.31, 0.32, 0.23, 0.49, 0.39, 0.52, 0.47, 0.515, 0.395, 0.33, 0.28, 0.29, 0.31, 0.39, 0.415, 0.26, 0.435, 0.43, 0.485, 0.44, 0.28, 0.205, 0.5, 0.36, 0.325, 0.285, 0.245, 0.3, 0.5, 0.385, 0.425, 0.265, 0.2964824120603015]"
78,"[0.6318407960199005, 0.375, 0.255, 0.515, 0.31, 0.445, 0.41, 0.5, 0.39, 0.51, 0.285, 0.305, 0.245, 0.245, 0.5, 0.32, 0.325, 0.505, 0.435, 0.44, 0.325, 0.33, 0.375, 0.455, 0.465, 0.35, 0.405, 0.475, 0.46, 0.355, 0.305, 0.435, 0.3, 0.24, 0.28, 0.27, 0.25, 0.375, 0.49, 0.35, 0.175, 0.51, 0.305, 0.36, 0.45, 0.215, 0.465, 0.25, 0.415, 0.3969849246231156]"
79,"[0.46766169154228854, 0.225, 0.3, 0.58, 0.265, 0.205, 0.535, 0.28, 0.215, 0.61, 0.515, 0.52, 0.32, 0.42, 0.35, 0.29, 0.415, 0.33, 0.315, 0.23, 0.485, 0.395, 0.525, 0.49, 0.545, 0.395, 0.34, 0.275, 0.305, 0.305, 0.395, 0.405, 0.28, 0.43, 0.425, 0.48, 0.455, 0.27, 0.245, 0.485, 0.345, 0.325, 0.275, 0.275, 0.305, 0.505, 0.385, 0.425, 0.265, 0.2914572864321608]"
80,"[0.6218905472636815, 0.375, 0.255, 0.515, 0.305, 0.445, 0.43, 0.52, 0.39, 0.505, 0.285, 0.295, 0.26, 0.265, 0.5, 0.335, 0.305, 0.515, 0.43, 0.44, 0.33, 0.34, 0.335, 0.45, 0.435, 0.36, 0.425, 0.495, 0.475, 0.35, 0.305, 0.43, 0.31, 0.24, 0.28, 0.28, 0.225, 0.39, 0.505, 0.37, 0.18, 0.475, 0.31, 0.345, 0.45, 0.215, 0.465, 0.255, 0.41, 0.39195979899497485]"
81,"[0.4527363184079602, 0.235, 0.305, 0.55, 0.265, 0.21, 0.515, 0.28, 0.225, 0.6, 0.54, 0.54, 0.315, 0.41, 0.285, 0.295, 0.41, 0.325, 0.31, 0.225, 0.475, 0.38, 0.525, 0.48, 0.485, 0.395, 0.33, 0.285, 0.31, 0.3, 0.395, 0.41, 0.255, 0.435, 0.425, 0.485, 0.46, 0.28, 0.28, 0.5, 0.34, 0.295, 0.27, 0.265, 0.315, 0.53, 0.395, 0.42, 0.265, 0.2914572864321608]"
82,"[0.5621890547263682, 0.38, 0.26, 0.515, 0.3, 0.45, 0.405, 0.515, 0.4, 0.505, 0.295, 0.29, 0.255, 0.265, 0.495, 0.335, 0.32, 0.51, 0.43, 0.45, 0.32, 0.325, 0.35, 0.445, 0.46, 0.355, 0.415, 0.54, 0.48, 0.355, 0.305, 0.46, 0.295, 0.24, 0.28, 0.245, 0.24, 0.4, 0.505, 0.36, 0.185, 0.485, 0.305, 0.34, 0.45, 0.215, 0.465, 0.25, 0.41, 0.4020100502512563]"
83,"[0.42786069651741293, 0.23, 0.3, 0.56, 0.26, 0.21, 0.52, 0.285, 0.22, 0.61, 0.54, 0.525, 0.325, 0.41, 0.3, 0.295, 0.42, 0.33, 0.3, 0.235, 0.49, 0.38, 0.53, 0.475, 0.45, 0.38, 0.335, 0.285, 0.305, 0.29, 0.385, 0.44, 0.26, 0.43, 0.435, 0.475, 0.475, 0.28, 0.29, 0.5, 0.315, 0.3, 0.305, 0.255, 0.305, 0.515, 0.385, 0.42, 0.265, 0.2814070351758794]"
84,"[0.5323383084577115, 0.375, 0.26, 0.545, 0.3, 0.445, 0.405, 0.52, 0.395, 0.5, 0.305, 0.32, 0.26, 0.26, 0.445, 0.34, 0.31, 0.52, 0.435, 0.465, 0.32, 0.315, 0.36, 0.465, 0.46, 0.365, 0.425, 0.575, 0.535, 0.34, 0.315, 0.435, 0.32, 0.255, 0.28, 0.245, 0.235, 0.4, 0.525, 0.36, 0.19, 0.48, 0.305, 0.365, 0.45, 0.22, 0.48, 0.265, 0.425, 0.3869346733668342]"
85,"[0.4975124378109453, 0.23, 0.3, 0.54, 0.265, 0.21, 0.56, 0.315, 0.23, 0.565, 0.515, 0.55, 0.325, 0.405, 0.34, 0.285, 0.415, 0.335, 0.305, 0.25, 0.5, 0.365, 0.54, 0.455, 0.535, 0.35, 0.325, 0.3, 0.305, 0.29, 0.375, 0.48, 0.265, 0.435, 0.425, 0.485, 0.48, 0.275, 0.24, 0.5, 0.3, 0.305, 0.31, 0.26, 0.31, 0.535, 0.385, 0.445, 0.265, 0.2864321608040201]"
86,"[0.39800995024875624, 0.38, 0.265, 0.515, 0.31, 0.46, 0.415, 0.52, 0.395, 0.5, 0.305, 0.31, 0.265, 0.25, 0.455, 0.375, 0.29, 0.515, 0.455, 0.455, 0.33, 0.32, 0.325, 0.48, 0.405, 0.355, 0.465, 0.59, 0.5, 0.42, 0.3, 0.415, 0.32, 0.255, 0.275, 0.245, 0.255, 0.415, 0.52, 0.335, 0.19, 0.52, 0.305, 0.36, 0.44, 0.235, 0.525, 0.265, 0.415, 0.39195979899497485]"
87,"[0.527363184079602, 0.23, 0.295, 0.585, 0.255, 0.22, 0.57, 0.28, 0.225, 0.54, 0.545, 0.54, 0.355, 0.41, 0.5, 0.28, 0.42, 0.36, 0.295, 0.25, 0.485, 0.38, 0.54, 0.45, 0.5, 0.34, 0.31, 0.29, 0.305, 0.27, 0.35, 0.51, 0.26, 0.44, 0.44, 0.48, 0.49, 0.295, 0.23, 0.5, 0.305, 0.34, 0.315, 0.235, 0.315, 0.52, 0.39, 0.455, 0.265, 0.2914572864321608]"
88,"[0.46766169154228854, 0.385, 0.27, 0.545, 0.31, 0.46, 0.425, 0.55, 0.4, 0.475, 0.3, 0.305, 0.27, 0.235, 0.485, 0.38, 0.3, 0.495, 0.475, 0.445, 0.315, 0.315, 0.28, 0.485, 0.395, 0.36, 0.465, 0.56, 0.495, 0.42, 0.305, 0.4, 0.31, 0.26, 0.27, 0.245, 0.235, 0.445, 0.54, 0.35, 0.19, 0.55, 0.295, 0.36, 0.445, 0.26, 0.525, 0.28, 0.42, 0.3768844221105528]"
89,"[0.5074626865671642, 0.225, 0.295, 0.56, 0.265, 0.22, 0.535, 0.27, 0.23, 0.52, 0.55, 0.545, 0.345, 0.415, 0.515, 0.3, 0.42, 0.35, 0.31, 0.25, 0.48, 0.36, 0.525, 0.435, 0.54, 0.37, 0.335, 0.295, 0.325, 0.31, 0.36, 0.52, 0.275, 0.43, 0.43, 0.49, 0.47, 0.31, 0.215, 0.495, 0.305, 0.355, 0.315, 0.25, 0.31, 0.54, 0.395, 0.44, 0.26, 0.3065326633165829]"
90,"[0.48756218905472637, 0.395, 0.27, 0.505, 0.31, 0.46, 0.445, 0.53, 0.4, 0.43, 0.3, 0.31, 0.27, 0.25, 0.48, 0.39, 0.32, 0.495, 0.475, 0.44, 0.33, 0.32, 0.32, 0.5, 0.4, 0.365, 0.49, 0.58, 0.495, 0.44, 0.305, 0.45, 0.33, 0.265, 0.275, 0.24, 0.27, 0.455, 0.53, 0.355, 0.19, 0.525, 0.305, 0.345, 0.455, 0.26, 0.545, 0.28, 0.42, 0.39195979899497485]"
91,"[0.47761194029850745, 0.24, 0.295, 0.595, 0.27, 0.22, 0.545, 0.275, 0.23, 0.55, 0.54, 0.55, 0.35, 0.43, 0.52, 0.3, 0.425, 0.36, 0.325, 0.255, 0.49, 0.375, 0.5, 0.42, 0.57, 0.365, 0.34, 0.31, 0.31, 0.32, 0.355, 0.51, 0.285, 0.435, 0.425, 0.47, 0.515, 0.335, 0.225, 0.505, 0.305, 0.36, 0.32, 0.285, 0.305, 0.54, 0.39, 0.465, 0.26, 0.2864321608040201]"
92,"[0.4975124378109453, 0.39, 0.27, 0.5, 0.31, 0.445, 0.43, 0.565, 0.4, 0.445, 0.3, 0.305, 0.28, 0.25, 0.455, 0.39, 0.305, 0.5, 0.49, 0.445, 0.33, 0.32, 0.305, 0.445, 0.365, 0.355, 0.47, 0.565, 0.51, 0.42, 0.285, 0.39, 0.32, 0.26, 0.28, 0.23, 0.26, 0.475, 0.545, 0.355, 0.2, 0.53, 0.295, 0.38, 0.46, 0.245, 0.555, 0.28, 0.39, 0.38190954773869346]"
93,"[0.5124378109452736, 0.245, 0.31, 0.655, 0.265, 0.21, 0.53, 0.275, 0.235, 0.545, 0.535, 0.565, 0.355, 0.43, 0.465, 0.31, 0.41, 0.35, 0.32, 0.27, 0.525, 0.355, 0.52, 0.405, 0.57, 0.36, 0.335, 0.31, 0.315, 0.32, 0.35, 0.515, 0.27, 0.43, 0.44, 0.47, 0.51, 0.33, 0.24, 0.51, 0.315, 0.36, 0.325, 0.28, 0.32, 0.54, 0.39, 0.445, 0.26, 0.2964824120603015]"
94,"[0.5174129353233831, 0.395, 0.28, 0.49, 0.3, 0.445, 0.42, 0.53, 0.405, 0.455, 0.29, 0.285, 0.27, 0.245, 0.43, 0.395, 0.32, 0.505, 0.47, 0.45, 0.32, 0.31, 0.29, 0.445, 0.4, 0.35, 0.465, 0.585, 0.495, 0.405, 0.315, 0.375, 0.34, 0.27, 0.28, 0.235, 0.245, 0.485, 0.52, 0.365, 0.19, 0.52, 0.29, 0.375, 0.465, 0.255, 0.51, 0.275, 0.39, 0.3768844221105528]"
95,"[0.4975124378109453, 0.245, 0.31, 0.675, 0.27, 0.215, 0.495, 0.28, 0.23, 0.58, 0.535, 0.56, 0.37, 0.43, 0.49, 0.315, 0.45, 0.34, 0.325, 0.265, 0.515, 0.365, 0.545, 0.4, 0.515, 0.365, 0.325, 0.3, 0.315, 0.3, 0.365, 0.485, 0.27, 0.44, 0.435, 0.475, 0.495, 0.33, 0.25, 0.515, 0.31, 0.35, 0.31, 0.27, 0.325, 0.56, 0.375, 0.465, 0.26, 0.2964824120603015]"
96,"[0.5223880597014925, 0.405, 0.275, 0.515, 0.295, 0.44, 0.425, 0.525, 0.405, 0.465, 0.295, 0.3, 0.275, 0.25, 0.405, 0.39, 0.3, 0.48, 0.475, 0.425, 0.31, 0.32, 0.315, 0.485, 0.415, 0.355, 0.475, 0.58, 0.49, 0.4, 0.315, 0.41, 0.355, 0.27, 0.28, 0.23, 0.24, 0.485, 0.51, 0.365, 0.195, 0.525, 0.275, 0.385, 0.47, 0.245, 0.5, 0.28, 0.41, 0.3768844221105528]"
97,"[0.47761194029850745, 0.245, 0.305, 0.67, 0.28, 0.22, 0.485, 0.285, 0.235, 0.525, 0.525, 0.57, 0.35, 0.435, 0.445, 0.315, 0.425, 0.36, 0.32, 0.275, 0.485, 0.35, 0.565, 0.385, 0.535, 0.375, 0.33, 0.305, 0.32, 0.31, 0.38, 0.44, 0.265, 0.455, 0.415, 0.48, 0.515, 0.34, 0.23, 0.52, 0.32, 0.355, 0.31, 0.265, 0.315, 0.55, 0.37, 0.465, 0.255, 0.2964824120603015]"
98,"[0.4626865671641791, 0.405, 0.265, 0.525, 0.32, 0.435, 0.42, 0.525, 0.405, 0.445, 0.3, 0.315, 0.265, 0.245, 0.395, 0.385, 0.3, 0.495, 0.495, 0.435, 0.305, 0.32, 0.32, 0.475, 0.39, 0.345, 0.485, 0.59, 0.485, 0.41, 0.295, 0.36, 0.355, 0.265, 0.28, 0.235, 0.24, 0.49, 0.505, 0.36, 0.195, 0.52, 0.235, 0.365, 0.475, 0.25, 0.5, 0.275, 0.43, 0.3768844221105528]"
99,"[0.5074626865671642, 0.245, 0.295, 0.66, 0.285, 0.205, 0.415, 0.295, 0.235, 0.53, 0.515, 0.545, 0.35, 0.435, 0.5, 0.3, 0.45, 0.355, 0.325, 0.275, 0.49, 0.345, 0.57, 0.405, 0.54, 0.37, 0.325, 0.305, 0.33, 0.305, 0.355, 0.45, 0.27, 0.46, 0.415, 0.47, 0.515, 0.33, 0.205, 0.52, 0.305, 0.36, 0.31, 0.26, 0.32, 0.55, 0.375, 0.47, 0.255, 0.3015075376884422]"
