eigenvector_centrality,"[0, 3]"
0,"[0.08229426433915212, 0.1, 0.16, 0.095, 0.0825, 0.13, 0.11, 0.0725, 0.1675, 0.0925, 0.11, 0.05, 0.095, 0.115, 0.24, 0.1175, 0.09, 0.0775, 0.13, 0.1, 0.08, 0.1075, 0.24, 0.1125, 0.10275689223057644]"
1,"[0.09975062344139651, 0.2075, 0.095, 0.095, 0.125, 0.1575, 0.0875, 0.0725, 0.105, 0.0925, 0.095, 0.08, 0.105, 0.175, 0.1075, 0.0775, 0.1175, 0.0725, 0.1, 0.135, 0.08, 0.1075, 0.075, 0.1275, 0.10275689223057644]"
2,"[0.09975062344139651, 0.1, 0.095, 0.0925, 0.1075, 0.08, 0.125, 0.0725, 0.09, 0.0925, 0.0925, 0.1, 0.1075, 0.0975, 0.13, 0.0775, 0.0925, 0.0725, 0.0925, 0.1, 0.0825, 0.115, 0.125, 0.1125, 0.10025062656641603]"
3,"[0.0798004987531172, 0.1, 0.095, 0.0925, 0.1075, 0.0825, 0.095, 0.0725, 0.1425, 0.1125, 0.1275, 0.115, 0.1075, 0.1, 0.1075, 0.0875, 0.09, 0.1, 0.0925, 0.1, 0.145, 0.135, 0.1125, 0.1125, 0.09273182957393483]"
4,"[0.08229426433915212, 0.1, 0.095, 0.0925, 0.0825, 0.1325, 0.11, 0.0775, 0.0925, 0.0875, 0.175, 0.115, 0.1075, 0.0975, 0.12, 0.0875, 0.09, 0.1, 0.1425, 0.09, 0.145, 0.115, 0.09, 0.0875, 0.10275689223057644]"
5,"[0.10972568578553615, 0.1, 0.1125, 0.0925, 0.14, 0.08, 0.1025, 0.1375, 0.15, 0.0875, 0.1, 0.09, 0.1075, 0.155, 0.0875, 0.115, 0.09, 0.1, 0.155, 0.0725, 0.0825, 0.1775, 0.09, 0.12, 0.09523809523809523]"
6,"[0.08229426433915212, 0.1675, 0.075, 0.1175, 0.0825, 0.1325, 0.19, 0.1575, 0.115, 0.0875, 0.0775, 0.145, 0.1075, 0.0975, 0.12, 0.0775, 0.09, 0.1, 0.1, 0.11, 0.0825, 0.115, 0.075, 0.0875, 0.10275689223057644]"
7,"[0.08229426433915212, 0.1, 0.15, 0.0925, 0.11, 0.1, 0.11, 0.0925, 0.115, 0.0925, 0.1525, 0.09, 0.1075, 0.0975, 0.0325, 0.0775, 0.09, 0.1, 0.0925, 0.175, 0.0825, 0.115, 0.075, 0.12, 0.09774436090225563]"
8,"[0.08229426433915212, 0.1, 0.0975, 0.0925, 0.135, 0.1, 0.11, 0.1175, 0.115, 0.1175, 0.085, 0.1625, 0.1075, 0.0775, 0.12, 0.0775, 0.09, 0.1, 0.105, 0.08, 0.0825, 0.115, 0.075, 0.175, 0.10275689223057644]"
9,"[0.08229426433915212, 0.1, 0.095, 0.0925, 0.1075, 0.0825, 0.11, 0.0925, 0.115, 0.1675, 0.11, 0.09, 0.1075, 0.115, 0.085, 0.0775, 0.09, 0.1225, 0.0925, 0.1325, 0.0825, 0.115, 0.075, 0.165, 0.10526315789473684]"
10,"[0.08229426433915212, 0.1, 0.1825, 0.0925, 0.1075, 0.1, 0.1975, 0.1175, 0.165, 0.1175, 0.08, 0.19, 0.1075, 0.125, 0.1075, 0.1075, 0.09, 0.1, 0.1, 0.0925, 0.15, 0.115, 0.075, 0.0875, 0.10275689223057644]"
11,"[0.08478802992518704, 0.1, 0.095, 0.095, 0.1375, 0.0825, 0.11, 0.0925, 0.115, 0.1175, 0.11, 0.09, 0.1075, 0.0975, 0.1075, 0.0775, 0.09, 0.0725, 0.0925, 0.18, 0.1075, 0.115, 0.075, 0.12, 0.09523809523809523]"
12,"[0.16458852867830423, 0.225, 0.165, 0.0925, 0.1075, 0.1, 0.095, 0.1175, 0.0925, 0.125, 0.08, 0.1275, 0.11, 0.165, 0.1075, 0.13, 0.2175, 0.1, 0.1, 0.1125, 0.1075, 0.1525, 0.075, 0.0875, 0.10275689223057644]"
13,"[0.09975062344139651, 0.1, 0.095, 0.095, 0.13, 0.0825, 0.18, 0.1875, 0.115, 0.125, 0.11, 0.105, 0.1325, 0.125, 0.105, 0.0775, 0.09, 0.0725, 0.0925, 0.1325, 0.1125, 0.115, 0.075, 0.12, 0.09523809523809523]"
14,"[0.10972568578553615, 0.235, 0.1625, 0.0925, 0.1075, 0.1, 0.08, 0.1175, 0.0925, 0.1175, 0.1725, 0.1425, 0.1175, 0.0975, 0.1075, 0.1075, 0.215, 0.1, 0.145, 0.08, 0.1125, 0.115, 0.155, 0.0875, 0.10275689223057644]"
15,"[0.09975062344139651, 0.1, 0.15, 0.09, 0.1825, 0.0825, 0.125, 0.215, 0.1575, 0.1025, 0.11, 0.2075, 0.205, 0.1675, 0.105, 0.0775, 0.09, 0.155, 0.0925, 0.1375, 0.2325, 0.115, 0.23, 0.12, 0.2531328320802005]"
16,"[0.10972568578553615, 0.21, 0.1975, 0.1175, 0.1075, 0.1, 0.08, 0.1175, 0.0925, 0.1925, 0.1875, 0.08, 0.1425, 0.2325, 0.1075, 0.16, 0.1925, 0.1, 0.2075, 0.08, 0.195, 0.1875, 0.1825, 0.1625, 0.10275689223057644]"
17,"[0.09975062344139651, 0.1, 0.155, 0.0925, 0.255, 0.0825, 0.125, 0.23, 0.235, 0.1375, 0.11, 0.205, 0.2825, 0.295, 0.105, 0.1425, 0.09, 0.1525, 0.1725, 0.155, 0.145, 0.115, 0.205, 0.1225, 0.20802005012531327]"
18,"[0.11221945137157108, 0.2175, 0.3225, 0.115, 0.1075, 0.1, 0.08, 0.1175, 0.0925, 0.135, 0.175, 0.08, 0.095, 0.18, 0.1075, 0.1875, 0.1675, 0.1075, 0.25, 0.08, 0.195, 0.1525, 0.12, 0.1225, 0.19799498746867167]"
19,"[0.1596009975062344, 0.16, 0.1525, 0.0925, 0.215, 0.0825, 0.125, 0.255, 0.13, 0.1975, 0.11, 0.2675, 0.27, 0.2075, 0.105, 0.0875, 0.3125, 0.1525, 0.145, 0.14, 0.145, 0.115, 0.2025, 0.1475, 0.2706766917293233]"
20,"[0.13216957605985039, 0.2325, 0.35, 0.115, 0.1075, 0.1, 0.125, 0.1175, 0.0925, 0.165, 0.1775, 0.08, 0.095, 0.165, 0.1075, 0.26, 0.2325, 0.165, 0.2425, 0.11, 0.2925, 0.1525, 0.1325, 0.12, 0.18045112781954886]"
21,"[0.2194513715710723, 0.215, 0.1575, 0.09, 0.2, 0.0925, 0.125, 0.2275, 0.12, 0.135, 0.11, 0.365, 0.34, 0.2225, 0.105, 0.0875, 0.2375, 0.1725, 0.12, 0.1725, 0.145, 0.1975, 0.2875, 0.23, 0.21553884711779447]"
22,"[0.14962593516209477, 0.28, 0.405, 0.205, 0.11, 0.1025, 0.1875, 0.1175, 0.205, 0.3075, 0.2325, 0.1825, 0.13, 0.0775, 0.1075, 0.2375, 0.2525, 0.2775, 0.2125, 0.2025, 0.305, 0.2875, 0.1525, 0.2075, 0.2656641604010025]"
23,"[0.12718204488778054, 0.1875, 0.1625, 0.1, 0.1625, 0.235, 0.125, 0.27, 0.1925, 0.17, 0.11, 0.3775, 0.3125, 0.31, 0.105, 0.0875, 0.26, 0.215, 0.155, 0.37, 0.145, 0.2075, 0.295, 0.2475, 0.10275689223057644]"
24,"[0.17206982543640897, 0.31, 0.41, 0.23, 0.2125, 0.1475, 0.25, 0.115, 0.12, 0.245, 0.235, 0.2625, 0.3175, 0.1, 0.1125, 0.2075, 0.2475, 0.275, 0.1675, 0.2825, 0.3875, 0.265, 0.18, 0.285, 0.2606516290726817]"
25,"[0.1596009975062344, 0.19, 0.155, 0.1925, 0.165, 0.265, 0.15, 0.265, 0.275, 0.2175, 0.11, 0.2925, 0.3725, 0.23, 0.1325, 0.0925, 0.3375, 0.2125, 0.2025, 0.42, 0.24, 0.295, 0.295, 0.2775, 0.17543859649122806]"
26,"[0.17955112219451372, 0.3075, 0.4575, 0.13, 0.24, 0.1975, 0.315, 0.115, 0.12, 0.295, 0.23, 0.28, 0.26, 0.23, 0.2175, 0.18, 0.275, 0.28, 0.175, 0.25, 0.335, 0.3325, 0.22, 0.28, 0.23558897243107768]"
27,"[0.20448877805486285, 0.2, 0.15, 0.1875, 0.2, 0.2675, 0.2675, 0.2475, 0.2425, 0.27, 0.1125, 0.3775, 0.245, 0.23, 0.215, 0.125, 0.305, 0.325, 0.3225, 0.4025, 0.255, 0.27, 0.1125, 0.35, 0.11278195488721804]"
28,"[0.18453865336658354, 0.2925, 0.3325, 0.2925, 0.295, 0.22, 0.255, 0.1175, 0.12, 0.3275, 0.235, 0.215, 0.2675, 0.2575, 0.245, 0.215, 0.2275, 0.295, 0.1725, 0.2675, 0.2975, 0.18, 0.275, 0.21, 0.20050125313283207]"
29,"[0.20448877805486285, 0.19, 0.15, 0.1825, 0.2125, 0.255, 0.215, 0.2475, 0.255, 0.2875, 0.1175, 0.3175, 0.24, 0.255, 0.285, 0.155, 0.29, 0.285, 0.2775, 0.3725, 0.275, 0.2825, 0.1625, 0.425, 0.23809523809523808]"
30,"[0.23192019950124687, 0.3375, 0.2975, 0.34, 0.3575, 0.265, 0.26, 0.115, 0.12, 0.3875, 0.265, 0.1925, 0.335, 0.25, 0.2175, 0.2225, 0.285, 0.2725, 0.1725, 0.2275, 0.2875, 0.185, 0.18, 0.21, 0.19548872180451127]"
31,"[0.23940149625935161, 0.2825, 0.1575, 0.1875, 0.1575, 0.2375, 0.215, 0.26, 0.2425, 0.3025, 0.1475, 0.24, 0.2375, 0.27, 0.3025, 0.215, 0.2875, 0.285, 0.3475, 0.385, 0.3225, 0.2325, 0.28, 0.405, 0.2832080200501253]"
32,"[0.20698254364089774, 0.4275, 0.3375, 0.2525, 0.365, 0.32, 0.295, 0.1275, 0.1275, 0.3475, 0.32, 0.23, 0.39, 0.2925, 0.2025, 0.23, 0.265, 0.2075, 0.18, 0.2275, 0.315, 0.2275, 0.185, 0.2075, 0.17543859649122806]"
33,"[0.2793017456359102, 0.255, 0.2375, 0.37, 0.125, 0.275, 0.1875, 0.285, 0.28, 0.34, 0.1875, 0.215, 0.29, 0.28, 0.29, 0.2875, 0.2925, 0.35, 0.345, 0.4375, 0.285, 0.2075, 0.325, 0.3575, 0.22807017543859648]"
34,"[0.17206982543640897, 0.4275, 0.3225, 0.205, 0.255, 0.3275, 0.3125, 0.155, 0.12, 0.36, 0.3425, 0.28, 0.265, 0.31, 0.22, 0.2175, 0.2575, 0.225, 0.17, 0.23, 0.2925, 0.2025, 0.2425, 0.235, 0.2606516290726817]"
35,"[0.2593516209476309, 0.27, 0.23, 0.1925, 0.1675, 0.2325, 0.18, 0.2725, 0.21, 0.2525, 0.2075, 0.215, 0.2575, 0.2625, 0.28, 0.2175, 0.295, 0.33, 0.32, 0.515, 0.3075, 0.2075, 0.285, 0.27, 0.3533834586466165]"
36,"[0.2344139650872818, 0.39, 0.3575, 0.2, 0.22, 0.34, 0.295, 0.185, 0.1625, 0.3225, 0.3975, 0.2675, 0.2575, 0.2975, 0.21, 0.235, 0.34, 0.21, 0.1925, 0.2675, 0.305, 0.255, 0.41, 0.2375, 0.2706766917293233]"
37,"[0.286783042394015, 0.1775, 0.245, 0.2175, 0.1675, 0.1575, 0.31, 0.3575, 0.1925, 0.1775, 0.175, 0.24, 0.235, 0.145, 0.3, 0.1925, 0.2475, 0.255, 0.2775, 0.48, 0.3825, 0.2775, 0.245, 0.2875, 0.21804511278195488]"
38,"[0.39650872817955113, 0.3775, 0.3425, 0.2, 0.2675, 0.36, 0.27, 0.25, 0.145, 0.3325, 0.465, 0.3625, 0.26, 0.305, 0.2, 0.215, 0.4325, 0.18, 0.2125, 0.205, 0.2925, 0.365, 0.305, 0.1925, 0.22556390977443608]"
39,"[0.20947630922693267, 0.11, 0.245, 0.2425, 0.185, 0.17, 0.3, 0.3425, 0.2625, 0.215, 0.1125, 0.3225, 0.245, 0.1, 0.3525, 0.1925, 0.155, 0.285, 0.365, 0.4675, 0.385, 0.3825, 0.2725, 0.295, 0.2907268170426065]"
40,"[0.2518703241895262, 0.4175, 0.305, 0.235, 0.2475, 0.4075, 0.2425, 0.2425, 0.12, 0.4075, 0.4625, 0.39, 0.2425, 0.31, 0.22, 0.245, 0.4325, 0.2675, 0.3225, 0.165, 0.2875, 0.3, 0.26, 0.1625, 0.21303258145363407]"
41,"[0.1970074812967581, 0.1075, 0.265, 0.3425, 0.2725, 0.23, 0.2975, 0.315, 0.325, 0.2225, 0.1025, 0.32, 0.2925, 0.1425, 0.36, 0.24, 0.1475, 0.295, 0.33, 0.4975, 0.35, 0.25, 0.2775, 0.3325, 0.2982456140350877]"
42,"[0.2543640897755611, 0.375, 0.3, 0.1975, 0.28, 0.42, 0.235, 0.2225, 0.1475, 0.48, 0.4625, 0.395, 0.355, 0.385, 0.275, 0.3025, 0.4525, 0.3275, 0.3025, 0.1, 0.215, 0.295, 0.2825, 0.2125, 0.3258145363408521]"
43,"[0.2119700748129676, 0.115, 0.2525, 0.39, 0.3, 0.2475, 0.3025, 0.2925, 0.2575, 0.335, 0.1, 0.2525, 0.41, 0.21, 0.3325, 0.305, 0.155, 0.2825, 0.345, 0.465, 0.405, 0.2225, 0.2775, 0.3225, 0.24812030075187969]"
44,"[0.28428927680798005, 0.38, 0.4, 0.22, 0.25, 0.3925, 0.21, 0.2075, 0.18, 0.415, 0.4125, 0.2875, 0.4775, 0.3225, 0.3, 0.4225, 0.495, 0.335, 0.285, 0.09, 0.215, 0.29, 0.415, 0.265, 0.3308270676691729]"
45,"[0.36159600997506236, 0.1325, 0.2475, 0.2875, 0.2675, 0.2425, 0.3075, 0.36, 0.2625, 0.3975, 0.1, 0.35, 0.43, 0.2575, 0.29, 0.3425, 0.1825, 0.3575, 0.2775, 0.44, 0.4925, 0.3475, 0.2675, 0.245, 0.21804511278195488]"
46,"[0.33665835411471323, 0.395, 0.4125, 0.3225, 0.2625, 0.4075, 0.25, 0.2175, 0.245, 0.345, 0.38, 0.2625, 0.4125, 0.3275, 0.31, 0.4275, 0.4475, 0.3275, 0.2375, 0.15, 0.36, 0.2925, 0.4375, 0.3275, 0.2907268170426065]"
47,"[0.3566084788029925, 0.19, 0.335, 0.1775, 0.2175, 0.25, 0.31, 0.37, 0.3425, 0.375, 0.1, 0.3825, 0.43, 0.2775, 0.3, 0.325, 0.1575, 0.4075, 0.2625, 0.41, 0.5225, 0.395, 0.215, 0.23, 0.23057644110275688]"
48,"[0.286783042394015, 0.3975, 0.4625, 0.2925, 0.275, 0.41, 0.29, 0.215, 0.32, 0.3025, 0.3575, 0.23, 0.3625, 0.3425, 0.3325, 0.345, 0.42, 0.3575, 0.23, 0.19, 0.41, 0.29, 0.4975, 0.2775, 0.2681704260651629]"
49,"[0.3940149625935162, 0.235, 0.3575, 0.225, 0.185, 0.1925, 0.3175, 0.375, 0.425, 0.2925, 0.105, 0.33, 0.42, 0.3225, 0.3025, 0.3275, 0.17, 0.43, 0.24, 0.3875, 0.5075, 0.4025, 0.245, 0.245, 0.3508771929824561]"
50,"[0.26932668329177056, 0.3925, 0.4575, 0.3675, 0.2875, 0.3775, 0.295, 0.2, 0.51, 0.3225, 0.355, 0.215, 0.3875, 0.365, 0.285, 0.34, 0.445, 0.4675, 0.425, 0.245, 0.47, 0.22, 0.385, 0.24, 0.3283208020050125]"
51,"[0.4164588528678304, 0.26, 0.4075, 0.235, 0.3, 0.2025, 0.38, 0.31, 0.425, 0.36, 0.1325, 0.385, 0.43, 0.3775, 0.26, 0.3575, 0.2175, 0.4175, 0.31, 0.395, 0.4375, 0.405, 0.3975, 0.475, 0.37844611528822053]"
52,"[0.3167082294264339, 0.3975, 0.4475, 0.325, 0.32, 0.3225, 0.29, 0.205, 0.425, 0.4125, 0.315, 0.3075, 0.4025, 0.42, 0.315, 0.3725, 0.445, 0.4775, 0.485, 0.2625, 0.445, 0.3575, 0.335, 0.275, 0.3107769423558897]"
53,"[0.40648379052369077, 0.285, 0.4, 0.2375, 0.3075, 0.2575, 0.26, 0.2625, 0.405, 0.3275, 0.195, 0.3525, 0.445, 0.39, 0.2175, 0.37, 0.2525, 0.4025, 0.3725, 0.385, 0.3375, 0.325, 0.35, 0.3925, 0.38345864661654133]"
54,"[0.30423940149625933, 0.4075, 0.39, 0.27, 0.3275, 0.3425, 0.24, 0.2, 0.345, 0.44, 0.32, 0.2475, 0.3675, 0.3725, 0.365, 0.39, 0.415, 0.395, 0.48, 0.265, 0.445, 0.37, 0.255, 0.3, 0.2606516290726817]"
55,"[0.33915211970074816, 0.33, 0.3975, 0.255, 0.3525, 0.3225, 0.255, 0.28, 0.39, 0.365, 0.2525, 0.38, 0.4875, 0.4175, 0.2125, 0.3475, 0.2875, 0.3975, 0.4125, 0.395, 0.3225, 0.28, 0.2425, 0.455, 0.45112781954887216]"
56,"[0.371571072319202, 0.415, 0.43, 0.3175, 0.335, 0.36, 0.21, 0.2275, 0.3325, 0.47, 0.3475, 0.2875, 0.365, 0.4075, 0.355, 0.4025, 0.445, 0.39, 0.4125, 0.225, 0.3925, 0.4125, 0.2675, 0.275, 0.3007518796992481]"
57,"[0.36159600997506236, 0.365, 0.3875, 0.2825, 0.35, 0.3875, 0.2725, 0.3175, 0.4625, 0.3825, 0.28, 0.3725, 0.4725, 0.4375, 0.2325, 0.3375, 0.3175, 0.4075, 0.3825, 0.385, 0.3375, 0.2925, 0.28, 0.4275, 0.3458646616541353]"
58,"[0.42643391521197005, 0.41, 0.43, 0.3375, 0.2875, 0.3775, 0.2325, 0.32, 0.325, 0.4575, 0.35, 0.335, 0.3925, 0.465, 0.385, 0.4, 0.44, 0.38, 0.3675, 0.2725, 0.405, 0.42, 0.335, 0.275, 0.3233082706766917]"
59,"[0.3940149625935162, 0.3925, 0.375, 0.33, 0.3675, 0.4375, 0.2825, 0.37, 0.485, 0.375, 0.3125, 0.2975, 0.455, 0.465, 0.22, 0.3025, 0.38, 0.38, 0.3375, 0.39, 0.2725, 0.3, 0.32, 0.42, 0.3609022556390977]"
60,"[0.5187032418952618, 0.4275, 0.45, 0.3425, 0.2325, 0.495, 0.28, 0.35, 0.36, 0.435, 0.3625, 0.34, 0.42, 0.4775, 0.4425, 0.3975, 0.425, 0.3725, 0.375, 0.225, 0.435, 0.43, 0.38, 0.27, 0.3533834586466165]"
61,"[0.38902743142144636, 0.435, 0.3625, 0.2925, 0.37, 0.4625, 0.355, 0.37, 0.4975, 0.4325, 0.3225, 0.295, 0.435, 0.48, 0.2775, 0.3625, 0.395, 0.445, 0.375, 0.4, 0.3125, 0.3625, 0.35, 0.405, 0.39598997493734334]"
62,"[0.543640897755611, 0.435, 0.4425, 0.315, 0.2925, 0.365, 0.355, 0.405, 0.35, 0.4725, 0.3725, 0.39, 0.465, 0.4575, 0.45, 0.425, 0.425, 0.3825, 0.3825, 0.2675, 0.375, 0.45, 0.3925, 0.285, 0.41854636591478694]"
63,"[0.3915211970074813, 0.4425, 0.3725, 0.3375, 0.3725, 0.3825, 0.38, 0.355, 0.49, 0.4675, 0.365, 0.2975, 0.3975, 0.4375, 0.37, 0.4575, 0.4575, 0.4675, 0.4025, 0.415, 0.4, 0.43, 0.32, 0.4075, 0.3107769423558897]"
64,"[0.3640897755610973, 0.4425, 0.42, 0.32, 0.3175, 0.385, 0.3675, 0.41, 0.355, 0.49, 0.38, 0.42, 0.4575, 0.4425, 0.43, 0.4025, 0.425, 0.325, 0.36, 0.2525, 0.365, 0.465, 0.3, 0.3425, 0.39849624060150374]"
65,"[0.341645885286783, 0.4275, 0.34, 0.4125, 0.375, 0.365, 0.3075, 0.3925, 0.365, 0.4475, 0.3475, 0.2525, 0.3575, 0.4475, 0.38, 0.435, 0.4525, 0.505, 0.4525, 0.4575, 0.4375, 0.325, 0.3725, 0.4775, 0.3233082706766917]"
66,"[0.36658354114713215, 0.4375, 0.4575, 0.345, 0.3425, 0.375, 0.27, 0.2925, 0.375, 0.5125, 0.38, 0.405, 0.4475, 0.4525, 0.3925, 0.36, 0.415, 0.32, 0.33, 0.3075, 0.3875, 0.3425, 0.3375, 0.335, 0.47368421052631576]"
67,"[0.3690773067331671, 0.4425, 0.3625, 0.54, 0.375, 0.4, 0.3125, 0.4025, 0.325, 0.4025, 0.3425, 0.385, 0.3725, 0.42, 0.3975, 0.3525, 0.46, 0.4825, 0.3825, 0.4925, 0.4925, 0.305, 0.32, 0.39, 0.3433583959899749]"
68,"[0.3940149625935162, 0.435, 0.505, 0.4175, 0.345, 0.3875, 0.2625, 0.28, 0.4225, 0.4525, 0.3725, 0.405, 0.5275, 0.3875, 0.4125, 0.3475, 0.375, 0.4425, 0.4725, 0.47, 0.3075, 0.3275, 0.4175, 0.3025, 0.45112781954887216]"
69,"[0.42144638403990026, 0.3775, 0.3975, 0.4425, 0.41, 0.4575, 0.34, 0.33, 0.38, 0.395, 0.32, 0.37, 0.3925, 0.3425, 0.3475, 0.43, 0.465, 0.4475, 0.3375, 0.48, 0.465, 0.345, 0.3475, 0.3725, 0.3308270676691729]"
70,"[0.4763092269326683, 0.4375, 0.485, 0.41, 0.4, 0.425, 0.3075, 0.3325, 0.5125, 0.4675, 0.365, 0.4375, 0.5175, 0.36, 0.5175, 0.36, 0.4125, 0.5, 0.4075, 0.3625, 0.3675, 0.3375, 0.4175, 0.3525, 0.39097744360902253]"
71,"[0.40648379052369077, 0.35, 0.43, 0.485, 0.41, 0.45, 0.3325, 0.305, 0.3875, 0.475, 0.2625, 0.355, 0.52, 0.365, 0.345, 0.475, 0.3975, 0.4025, 0.3075, 0.42, 0.4225, 0.405, 0.37, 0.3675, 0.3458646616541353]"
72,"[0.48877805486284287, 0.4475, 0.4275, 0.4225, 0.3225, 0.4, 0.365, 0.4125, 0.505, 0.475, 0.3825, 0.39, 0.4025, 0.34, 0.54, 0.4325, 0.435, 0.535, 0.4475, 0.3875, 0.4525, 0.34, 0.4875, 0.4025, 0.38095238095238093]"
73,"[0.46633416458852867, 0.3875, 0.43, 0.3825, 0.4, 0.4275, 0.345, 0.3425, 0.43, 0.5325, 0.325, 0.3975, 0.5175, 0.3675, 0.3475, 0.455, 0.3675, 0.46, 0.3575, 0.445, 0.47, 0.3975, 0.3725, 0.365, 0.3483709273182957]"
74,"[0.4912718204488778, 0.4625, 0.45, 0.4325, 0.31, 0.425, 0.3775, 0.4075, 0.5225, 0.45, 0.4225, 0.41, 0.4225, 0.3575, 0.49, 0.4425, 0.4375, 0.53, 0.4425, 0.3225, 0.4525, 0.34, 0.485, 0.3975, 0.40350877192982454]"
75,"[0.5087281795511222, 0.4325, 0.44, 0.435, 0.4175, 0.43, 0.4225, 0.44, 0.4175, 0.51, 0.375, 0.4175, 0.495, 0.42, 0.3625, 0.4275, 0.385, 0.4325, 0.3575, 0.455, 0.4825, 0.4125, 0.38, 0.345, 0.3684210526315789]"
76,"[0.5112219451371571, 0.47, 0.4975, 0.5025, 0.3025, 0.39, 0.3875, 0.3925, 0.5, 0.4325, 0.4525, 0.375, 0.4725, 0.315, 0.4575, 0.4225, 0.435, 0.545, 0.435, 0.3175, 0.4425, 0.3425, 0.4925, 0.425, 0.46867167919799496]"
77,"[0.5062344139650873, 0.42, 0.4275, 0.45, 0.4075, 0.41, 0.42, 0.485, 0.41, 0.4675, 0.37, 0.43, 0.4925, 0.4925, 0.385, 0.47, 0.4125, 0.42, 0.3425, 0.435, 0.4775, 0.395, 0.45, 0.485, 0.43859649122807015]"
78,"[0.486284289276808, 0.46, 0.5025, 0.4925, 0.285, 0.315, 0.39, 0.4675, 0.4975, 0.4125, 0.445, 0.435, 0.515, 0.3925, 0.4425, 0.4175, 0.435, 0.5425, 0.4325, 0.34, 0.43, 0.3625, 0.5025, 0.4475, 0.49373433583959897]"
79,"[0.516209476309227, 0.4075, 0.4175, 0.515, 0.435, 0.365, 0.3975, 0.495, 0.3525, 0.455, 0.3475, 0.435, 0.48, 0.5325, 0.3875, 0.4625, 0.44, 0.425, 0.3125, 0.4175, 0.465, 0.36, 0.47, 0.4425, 0.44110275689223055]"
80,"[0.4937655860349127, 0.4425, 0.5075, 0.5025, 0.3075, 0.34, 0.3925, 0.5125, 0.485, 0.4925, 0.43, 0.4375, 0.5475, 0.4075, 0.4275, 0.4225, 0.4375, 0.515, 0.43, 0.43, 0.42, 0.345, 0.515, 0.4325, 0.49624060150375937]"
81,"[0.4538653366583541, 0.4375, 0.4125, 0.5425, 0.3975, 0.3925, 0.365, 0.495, 0.4275, 0.4575, 0.39, 0.43, 0.5, 0.5175, 0.385, 0.4975, 0.44, 0.3925, 0.35, 0.4975, 0.4825, 0.39, 0.46, 0.4975, 0.46115288220551376]"
82,"[0.39900249376558605, 0.4575, 0.575, 0.51, 0.3225, 0.3475, 0.4175, 0.4825, 0.465, 0.44, 0.43, 0.37, 0.49, 0.355, 0.43, 0.445, 0.4325, 0.525, 0.45, 0.4125, 0.4125, 0.48, 0.5, 0.43, 0.5162907268170426]"
83,"[0.38154613466334164, 0.46, 0.4175, 0.5325, 0.45, 0.4375, 0.3625, 0.485, 0.5025, 0.41, 0.4375, 0.4375, 0.49, 0.475, 0.3575, 0.48, 0.4125, 0.4275, 0.46, 0.4525, 0.4575, 0.46, 0.4525, 0.4525, 0.46867167919799496]"
84,"[0.38902743142144636, 0.445, 0.555, 0.51, 0.4275, 0.3825, 0.41, 0.415, 0.4475, 0.4175, 0.4, 0.4275, 0.425, 0.37, 0.4175, 0.44, 0.4375, 0.4225, 0.4, 0.35, 0.4325, 0.37, 0.475, 0.3775, 0.5112781954887218]"
85,"[0.4339152119700748, 0.4825, 0.4175, 0.505, 0.3825, 0.475, 0.4025, 0.3825, 0.5, 0.4, 0.475, 0.3925, 0.4725, 0.445, 0.355, 0.45, 0.4175, 0.4825, 0.4875, 0.435, 0.365, 0.385, 0.45, 0.39, 0.48370927318295737]"
86,"[0.5112219451371571, 0.4275, 0.5075, 0.4425, 0.3675, 0.4375, 0.405, 0.43, 0.415, 0.3875, 0.3875, 0.3475, 0.46, 0.3975, 0.42, 0.4, 0.42, 0.3825, 0.37, 0.32, 0.39, 0.35, 0.47, 0.36, 0.5137844611528822]"
87,"[0.3915211970074813, 0.4825, 0.425, 0.4125, 0.3475, 0.44, 0.3875, 0.3825, 0.515, 0.4075, 0.49, 0.39, 0.4675, 0.4275, 0.3575, 0.4275, 0.4375, 0.4875, 0.5425, 0.3925, 0.3575, 0.3875, 0.465, 0.375, 0.40100250626566414]"
88,"[0.4763092269326683, 0.42, 0.475, 0.4, 0.355, 0.455, 0.39, 0.4525, 0.3975, 0.395, 0.405, 0.34, 0.5275, 0.4025, 0.425, 0.4, 0.415, 0.4225, 0.4025, 0.335, 0.3875, 0.365, 0.405, 0.3575, 0.39598997493734334]"
89,"[0.3940149625935162, 0.46, 0.4325, 0.4375, 0.3325, 0.41, 0.415, 0.385, 0.4925, 0.4275, 0.475, 0.4, 0.495, 0.4125, 0.41, 0.47, 0.5325, 0.4775, 0.5225, 0.4275, 0.42, 0.5225, 0.4625, 0.38, 0.38095238095238093]"
90,"[0.42144638403990026, 0.44, 0.4925, 0.44, 0.3625, 0.4425, 0.395, 0.46, 0.355, 0.45, 0.4325, 0.3975, 0.575, 0.465, 0.445, 0.3975, 0.41, 0.43, 0.445, 0.3375, 0.4125, 0.4425, 0.4025, 0.37, 0.41854636591478694]"
91,"[0.3915211970074813, 0.54, 0.44, 0.445, 0.3775, 0.4375, 0.4, 0.3825, 0.43, 0.445, 0.535, 0.42, 0.4525, 0.4425, 0.415, 0.5, 0.54, 0.4875, 0.5, 0.43, 0.4575, 0.51, 0.455, 0.41, 0.40350877192982454]"
92,"[0.36159600997506236, 0.4425, 0.47, 0.44, 0.4, 0.4575, 0.3975, 0.4475, 0.4025, 0.4475, 0.435, 0.4275, 0.4875, 0.4725, 0.5075, 0.4025, 0.4075, 0.4425, 0.5025, 0.345, 0.445, 0.4075, 0.41, 0.4, 0.44611528822055135]"
93,"[0.4239401496259352, 0.5125, 0.44, 0.515, 0.44, 0.4725, 0.405, 0.395, 0.34, 0.44, 0.515, 0.39, 0.4475, 0.475, 0.4775, 0.44, 0.525, 0.4325, 0.445, 0.47, 0.435, 0.36, 0.45, 0.4275, 0.46365914786967416]"
94,"[0.44139650872817954, 0.45, 0.445, 0.425, 0.3775, 0.4025, 0.395, 0.4425, 0.445, 0.46, 0.425, 0.4525, 0.595, 0.4175, 0.48, 0.375, 0.43, 0.4575, 0.5, 0.425, 0.375, 0.3475, 0.4475, 0.4075, 0.5037593984962406]"
95,"[0.5087281795511222, 0.49, 0.44, 0.5075, 0.4925, 0.4675, 0.475, 0.4225, 0.4525, 0.4425, 0.4775, 0.4025, 0.39, 0.4525, 0.42, 0.5125, 0.525, 0.4525, 0.4175, 0.515, 0.505, 0.3775, 0.445, 0.46, 0.40852130325814534]"
96,"[0.516209476309227, 0.4775, 0.435, 0.45, 0.3625, 0.3775, 0.405, 0.4275, 0.4275, 0.4975, 0.45, 0.4825, 0.535, 0.375, 0.54, 0.4075, 0.43, 0.48, 0.47, 0.4875, 0.39, 0.375, 0.495, 0.4325, 0.518796992481203]"
97,"[0.49625935162094764, 0.515, 0.435, 0.5325, 0.4875, 0.4525, 0.4675, 0.4525, 0.4125, 0.455, 0.4775, 0.4025, 0.415, 0.46, 0.4225, 0.53, 0.4775, 0.4625, 0.4275, 0.4975, 0.5025, 0.445, 0.4025, 0.435, 0.37844611528822053]"
98,"[0.5336658354114713, 0.4625, 0.465, 0.4425, 0.3875, 0.43, 0.3975, 0.425, 0.49, 0.48, 0.4925, 0.4325, 0.5175, 0.3875, 0.4975, 0.4275, 0.405, 0.4775, 0.4775, 0.51, 0.4425, 0.43, 0.455, 0.47, 0.47869674185463656]"
99,"[0.46384039900249374, 0.505, 0.4375, 0.5575, 0.4725, 0.45, 0.44, 0.45, 0.54, 0.4875, 0.485, 0.4375, 0.45, 0.4725, 0.38, 0.4825, 0.4825, 0.44, 0.4825, 0.38, 0.4125, 0.4625, 0.4125, 0.455, 0.37092731829573933]"
